-- phpMyAdmin SQL Dump
-- version 4.7.0
-- https://www.phpmyadmin.net/
--
-- Host: 127.0.0.1
-- Generation Time: Oct 18, 2018 at 11:05 PM
-- Server version: 10.1.26-MariaDB
-- PHP Version: 7.1.8

SET SQL_MODE = "NO_AUTO_VALUE_ON_ZERO";
SET AUTOCOMMIT = 0;
START TRANSACTION;
SET time_zone = "+00:00";


/*!40101 SET @OLD_CHARACTER_SET_CLIENT=@@CHARACTER_SET_CLIENT */;
/*!40101 SET @OLD_CHARACTER_SET_RESULTS=@@CHARACTER_SET_RESULTS */;
/*!40101 SET @OLD_COLLATION_CONNECTION=@@COLLATION_CONNECTION */;
/*!40101 SET NAMES utf8mb4 */;

--
-- Database: `e-commerce_api`
--

-- --------------------------------------------------------

--
-- Table structure for table `migrations`
--

CREATE TABLE `migrations` (
  `id` int(10) UNSIGNED NOT NULL,
  `migration` varchar(191) COLLATE utf8mb4_unicode_ci NOT NULL,
  `batch` int(11) NOT NULL
) ENGINE=InnoDB DEFAULT CHARSET=utf8mb4 COLLATE=utf8mb4_unicode_ci;

--
-- Dumping data for table `migrations`
--

INSERT INTO `migrations` (`id`, `migration`, `batch`) VALUES
(1, '2014_10_12_000000_create_users_table', 1),
(2, '2014_10_12_100000_create_password_resets_table', 1),
(3, '2018_10_18_195355_create_products_table', 1),
(4, '2018_10_18_195446_create_reviews_table', 1);

-- --------------------------------------------------------

--
-- Table structure for table `password_resets`
--

CREATE TABLE `password_resets` (
  `email` varchar(191) COLLATE utf8mb4_unicode_ci NOT NULL,
  `token` varchar(191) COLLATE utf8mb4_unicode_ci NOT NULL,
  `created_at` timestamp NULL DEFAULT NULL
) ENGINE=InnoDB DEFAULT CHARSET=utf8mb4 COLLATE=utf8mb4_unicode_ci;

-- --------------------------------------------------------

--
-- Table structure for table `products`
--

CREATE TABLE `products` (
  `id` int(10) UNSIGNED NOT NULL,
  `name` varchar(191) COLLATE utf8mb4_unicode_ci NOT NULL,
  `detail` text COLLATE utf8mb4_unicode_ci NOT NULL,
  `price` int(11) NOT NULL,
  `stock` int(11) NOT NULL,
  `discount` int(11) NOT NULL,
  `created_at` timestamp NULL DEFAULT NULL,
  `updated_at` timestamp NULL DEFAULT NULL
) ENGINE=InnoDB DEFAULT CHARSET=utf8mb4 COLLATE=utf8mb4_unicode_ci;

--
-- Dumping data for table `products`
--

INSERT INTO `products` (`id`, `name`, `detail`, `price`, `stock`, `discount`, `created_at`, `updated_at`) VALUES
(1, 'voluptatem', 'Impedit facere et vel enim nihil. Doloremque quia est praesentium aliquam fuga consequuntur. Ipsam quidem ex pariatur nobis omnis omnis unde. Est quo sit accusamus rerum error sapiente aliquid.', 893, 7, 25, '2018-10-18 19:03:09', '2018-10-18 19:03:09'),
(2, 'in', 'Nemo et delectus voluptatem molestias est autem molestiae. Quod amet rem id eum. Nobis at labore impedit asperiores quo ut. Quia earum ut non autem.', 556, 2, 30, '2018-10-18 19:03:10', '2018-10-18 19:03:10'),
(3, 'voluptate', 'Maxime unde et dolores tempore velit quod et. Pariatur ea dicta ut suscipit quibusdam. Eius quo cupiditate a consequatur suscipit itaque debitis. Accusamus voluptas qui quaerat eveniet consequatur.', 463, 5, 18, '2018-10-18 19:03:10', '2018-10-18 19:03:10'),
(4, 'qui', 'Rerum ut minima dolor corporis. Iure voluptatum molestiae et dolores numquam voluptate nemo.', 762, 2, 26, '2018-10-18 19:03:10', '2018-10-18 19:03:10'),
(5, 'sit', 'Iure fuga at omnis et. Tempora omnis autem in soluta nam repudiandae. Hic ex aliquid officiis alias et. Cum ut vitae sit inventore voluptatum.', 659, 8, 4, '2018-10-18 19:03:10', '2018-10-18 19:03:10'),
(6, 'sed', 'Provident fuga ut accusantium. Perspiciatis molestiae quia sed quia illo hic dicta sit. Et quis dolorem dolore occaecati rerum sapiente quia.', 249, 6, 4, '2018-10-18 19:03:10', '2018-10-18 19:03:10'),
(7, 'odio', 'Ut et architecto officia iusto qui. Nihil harum omnis aspernatur. Molestiae minus dolorem ad unde omnis reprehenderit.', 781, 6, 15, '2018-10-18 19:03:10', '2018-10-18 19:03:10'),
(8, 'qui', 'Odio sit impedit error ex fugiat pariatur. Dicta quibusdam odio neque rerum.', 709, 9, 27, '2018-10-18 19:03:10', '2018-10-18 19:03:10'),
(9, 'quidem', 'Soluta quia architecto recusandae numquam suscipit. Dolorem sunt voluptatem aliquam exercitationem ullam molestiae. Quasi cupiditate molestias id vitae blanditiis distinctio est.', 544, 5, 11, '2018-10-18 19:03:10', '2018-10-18 19:03:10'),
(10, 'rem', 'Harum magni blanditiis officia quidem. Possimus minus omnis vero occaecati quisquam autem. Suscipit odio aliquam eum beatae hic autem modi. Vitae doloribus rerum aut repudiandae dolores veritatis.', 991, 9, 13, '2018-10-18 19:03:10', '2018-10-18 19:03:10'),
(11, 'enim', 'Ipsa est ut recusandae ducimus. Quasi illo sit ducimus consectetur sed perferendis. Ex reiciendis accusamus repellat blanditiis. Repellendus ut est enim harum. Sit consequatur quibusdam debitis eos.', 328, 0, 26, '2018-10-18 19:03:10', '2018-10-18 19:03:10'),
(12, 'deleniti', 'Laudantium saepe nobis in ut autem maxime quisquam. Ullam consectetur tempore et nesciunt sapiente sunt hic. Quas est sit laudantium vel quasi natus aut. Iure et at assumenda quae repudiandae debitis debitis omnis.', 524, 5, 10, '2018-10-18 19:03:10', '2018-10-18 19:03:10'),
(13, 'porro', 'Quis ut officiis porro voluptatibus hic et dolorem. Aut voluptatibus ad nihil architecto id officia et. Et id provident incidunt.', 529, 5, 9, '2018-10-18 19:03:10', '2018-10-18 19:03:10'),
(14, 'enim', 'Eos autem voluptates quaerat. Mollitia omnis numquam optio ea occaecati. Aspernatur veritatis deserunt omnis eveniet laborum. Repudiandae doloribus quis sit non nulla et.', 988, 9, 5, '2018-10-18 19:03:10', '2018-10-18 19:03:10'),
(15, 'ea', 'Minus dolor et saepe id eveniet consequatur. Id ut dignissimos autem et. Sit quae qui reprehenderit sit. Expedita voluptates aut necessitatibus quia magni dolor deserunt ipsa.', 972, 8, 25, '2018-10-18 19:03:10', '2018-10-18 19:03:10'),
(16, 'voluptas', 'Quis atque eum aut delectus. Adipisci recusandae sit rerum ratione vel et et. Cumque id quisquam iste dolor hic.', 718, 0, 28, '2018-10-18 19:03:10', '2018-10-18 19:03:10'),
(17, 'eligendi', 'Ratione saepe molestiae repudiandae tempore voluptas quasi. Numquam qui eum nostrum. Distinctio porro dolores fugit aut et laboriosam error. Ea sint qui enim consectetur dignissimos.', 821, 4, 8, '2018-10-18 19:03:10', '2018-10-18 19:03:10'),
(18, 'inventore', 'Ut vel eos est sed qui. Nulla cupiditate doloribus repellat aut fuga ut. Velit voluptatibus iure alias nobis corrupti. Ipsa modi ea perspiciatis nihil quo.', 660, 8, 30, '2018-10-18 19:03:10', '2018-10-18 19:03:10'),
(19, 'nam', 'Qui dolorum quisquam et dolorem odit et. Assumenda hic autem quis unde asperiores quae. Esse rerum repellendus quam nesciunt. Aut sapiente aut deleniti magni.', 679, 6, 19, '2018-10-18 19:03:10', '2018-10-18 19:03:10'),
(20, 'magnam', 'Fuga est tenetur libero rerum iusto est voluptatem sunt. Tenetur a non omnis illum excepturi unde. Neque reiciendis in inventore et et molestias. Nihil incidunt explicabo eaque delectus quisquam est.', 792, 7, 20, '2018-10-18 19:03:10', '2018-10-18 19:03:10'),
(21, 'ullam', 'Velit deleniti voluptate id facere reiciendis distinctio provident. Voluptatem quo et odit omnis consequatur. Eligendi quam dolor nihil ut ut accusamus.', 687, 9, 27, '2018-10-18 19:03:11', '2018-10-18 19:03:11'),
(22, 'minus', 'Esse expedita est temporibus qui nemo optio quae. Qui ipsam deleniti placeat voluptatibus. Quia quo suscipit quae et nostrum assumenda possimus. Odio voluptas voluptatem sint ipsam ad maxime magni.', 916, 2, 3, '2018-10-18 19:03:11', '2018-10-18 19:03:11'),
(23, 'est', 'Itaque aut ad aut aut neque. Aut suscipit et sapiente dolor. Qui molestiae nobis quia qui beatae architecto non. Dolor quo fuga quo sed delectus quam qui.', 298, 2, 16, '2018-10-18 19:03:11', '2018-10-18 19:03:11'),
(24, 'hic', 'Esse nihil dignissimos quia nobis iure qui. Minus aperiam assumenda doloremque autem dolorem esse. Aut qui pariatur nisi. Nemo blanditiis dolor consequatur quam voluptas.', 808, 2, 17, '2018-10-18 19:03:11', '2018-10-18 19:03:11'),
(25, 'dolor', 'Optio soluta ut quas perferendis totam aut. Excepturi esse exercitationem quasi consectetur nesciunt.', 972, 5, 14, '2018-10-18 19:03:11', '2018-10-18 19:03:11'),
(26, 'atque', 'Natus qui voluptatem autem accusamus blanditiis minima. Error sed facere et culpa. Aspernatur dolores rerum est voluptas assumenda eos.', 120, 9, 12, '2018-10-18 19:03:11', '2018-10-18 19:03:11'),
(27, 'cupiditate', 'Aut sit omnis ipsa ut et et. Voluptates consectetur pariatur harum voluptas et expedita. Saepe quidem hic facilis.', 548, 8, 9, '2018-10-18 19:03:11', '2018-10-18 19:03:11'),
(28, 'dolorum', 'Quis sed ipsum sunt dolore qui doloremque. Similique maiores id quia sunt neque. Dolore rerum nesciunt et enim dolorem nam velit. Est maiores et accusantium optio dolores saepe placeat.', 196, 5, 7, '2018-10-18 19:03:11', '2018-10-18 19:03:11'),
(29, 'consectetur', 'Libero quia repudiandae ut vitae. Ipsam voluptas veritatis laboriosam et ut. Voluptatum consequatur nesciunt ratione magnam ratione quia.', 470, 4, 19, '2018-10-18 19:03:11', '2018-10-18 19:03:11'),
(30, 'quibusdam', 'Qui natus tempore voluptatem nam aspernatur autem assumenda praesentium. Eveniet et tempora esse mollitia sit assumenda consequatur. Similique et excepturi cumque laudantium excepturi. Repudiandae quis ratione harum ratione nostrum sed.', 426, 0, 16, '2018-10-18 19:03:11', '2018-10-18 19:03:11'),
(31, 'unde', 'Quis dolore ea corrupti aliquid magnam. Ex vitae ducimus cum voluptas. Non cumque consequatur praesentium provident distinctio. Ex aut similique saepe.', 599, 1, 18, '2018-10-18 19:03:11', '2018-10-18 19:03:11'),
(32, 'nihil', 'Nostrum illo qui at optio quibusdam dolorem sapiente. Ut inventore et dolores a. Eius dolorem non inventore rerum cum eum.', 951, 1, 6, '2018-10-18 19:03:11', '2018-10-18 19:03:11'),
(33, 'totam', 'Minima ut blanditiis sit officiis ut debitis architecto vitae. Reprehenderit sed id nobis esse deleniti amet. Sit ut est aperiam quibusdam. Illum iure consectetur esse maxime.', 673, 9, 8, '2018-10-18 19:03:11', '2018-10-18 19:03:11'),
(34, 'omnis', 'Accusamus nam libero qui et repellendus vero illo. Quia laudantium occaecati facilis dolores quia non omnis porro. Illo libero aut eaque enim aut.', 304, 4, 9, '2018-10-18 19:03:11', '2018-10-18 19:03:11'),
(35, 'eaque', 'Sunt voluptatem ratione natus recusandae. Et pariatur culpa dolor ipsum. Laborum omnis veritatis dolore laboriosam doloribus nesciunt provident neque.', 668, 4, 11, '2018-10-18 19:03:11', '2018-10-18 19:03:11'),
(36, 'veritatis', 'Sed tenetur vitae et voluptatum doloribus exercitationem vel iusto. Incidunt corrupti nobis expedita et occaecati perferendis eius. Est vel est voluptatum. Nihil corporis sunt optio praesentium laborum.', 522, 5, 7, '2018-10-18 19:03:11', '2018-10-18 19:03:11'),
(37, 'sed', 'Aut corporis et aut quia eos reprehenderit aut. Sint exercitationem et facilis nesciunt consequatur consequatur ea. Recusandae neque reprehenderit provident eos in modi reprehenderit tempora. Magnam amet ipsum qui illo consequatur assumenda aspernatur ratione.', 326, 3, 26, '2018-10-18 19:03:11', '2018-10-18 19:03:11'),
(38, 'sunt', 'Cum nobis ex perferendis voluptatem. Non et assumenda non optio quis dolores id.', 770, 5, 9, '2018-10-18 19:03:11', '2018-10-18 19:03:11'),
(39, 'sed', 'Doloremque maiores quo voluptatem alias illo. Quos quam explicabo doloremque voluptates suscipit quis quia.', 549, 3, 12, '2018-10-18 19:03:11', '2018-10-18 19:03:11'),
(40, 'mollitia', 'Rerum qui ut rerum perferendis. Accusamus occaecati debitis est qui quae maiores. Illum blanditiis in commodi rerum nesciunt nemo eum.', 248, 3, 2, '2018-10-18 19:03:11', '2018-10-18 19:03:11'),
(41, 'quibusdam', 'Fugiat at quia dolores alias voluptatum. In voluptate quidem neque vel dolorum illo assumenda. Quam quisquam enim iste porro atque dolorem ipsa. Quia et reiciendis ut delectus quo.', 591, 7, 10, '2018-10-18 19:03:11', '2018-10-18 19:03:11'),
(42, 'veritatis', 'Fugit perspiciatis vero amet. Et dolorum esse voluptatem molestiae enim dolor aut exercitationem. Porro sint velit perspiciatis quod. Quas aut ea incidunt reprehenderit. Qui ipsum facilis est esse dolor dolorem.', 895, 1, 24, '2018-10-18 19:03:11', '2018-10-18 19:03:11'),
(43, 'inventore', 'Aut ut cumque tempore dolorem illo earum. Deserunt animi et similique quo quod occaecati. Quasi tempora qui animi veritatis eligendi sunt autem. Est debitis dolor delectus a.', 495, 4, 15, '2018-10-18 19:03:11', '2018-10-18 19:03:11'),
(44, 'aut', 'Animi maiores sit facilis praesentium. Consequatur fugiat esse magnam et fugit fugiat est. Quis odit exercitationem nisi esse ratione. Repellendus eum sed voluptas accusantium et.', 572, 5, 19, '2018-10-18 19:03:12', '2018-10-18 19:03:12'),
(45, 'explicabo', 'Provident aut iste nam quo vel. Ipsam molestias commodi ab.', 430, 3, 12, '2018-10-18 19:03:12', '2018-10-18 19:03:12'),
(46, 'corporis', 'Ut delectus quia et. Quos mollitia quibusdam et. Voluptas dignissimos consectetur sit consequuntur et dignissimos qui quia. Nesciunt voluptatem facilis praesentium quia ipsum officiis et voluptatibus.', 418, 1, 10, '2018-10-18 19:03:12', '2018-10-18 19:03:12'),
(47, 'excepturi', 'Rerum omnis voluptatem doloribus ducimus veritatis molestiae. Similique minus quisquam ea voluptas necessitatibus voluptatibus.', 215, 1, 15, '2018-10-18 19:03:12', '2018-10-18 19:03:12'),
(48, 'voluptatem', 'Quos debitis ratione in eius et sed. Sed quia dolore ut suscipit. Quos ut unde nam. Omnis perspiciatis labore tenetur porro.', 916, 8, 22, '2018-10-18 19:03:12', '2018-10-18 19:03:12'),
(49, 'qui', 'Qui nihil distinctio et consequatur. Et omnis ut deleniti accusantium. Praesentium sint sit dicta non ipsa ut quo. Libero qui iusto sint ex nihil.', 751, 8, 18, '2018-10-18 19:03:12', '2018-10-18 19:03:12'),
(50, 'non', 'Aut esse aut hic. Excepturi laboriosam eum aut vel in placeat. Non saepe et aut magni qui eum nisi. Aperiam eius deserunt ipsam atque minus asperiores deserunt repellat.', 470, 4, 14, '2018-10-18 19:03:12', '2018-10-18 19:03:12');

-- --------------------------------------------------------

--
-- Table structure for table `reviews`
--

CREATE TABLE `reviews` (
  `id` int(10) UNSIGNED NOT NULL,
  `product_id` int(10) UNSIGNED NOT NULL,
  `customer` varchar(191) COLLATE utf8mb4_unicode_ci NOT NULL,
  `review` text COLLATE utf8mb4_unicode_ci NOT NULL,
  `star` int(11) NOT NULL,
  `created_at` timestamp NULL DEFAULT NULL,
  `updated_at` timestamp NULL DEFAULT NULL
) ENGINE=InnoDB DEFAULT CHARSET=utf8mb4 COLLATE=utf8mb4_unicode_ci;

--
-- Dumping data for table `reviews`
--

INSERT INTO `reviews` (`id`, `product_id`, `customer`, `review`, `star`, `created_at`, `updated_at`) VALUES
(1, 37, 'Margie Steuber', 'Vel voluptatibus enim fuga. Voluptatibus ullam consequatur qui non voluptas repudiandae. Illum non non nulla qui numquam repellat quia.', 2, '2018-10-18 19:03:14', '2018-10-18 19:03:14'),
(2, 42, 'Emelia Miller', 'Sed culpa voluptates tempora et qui reiciendis. Deserunt voluptatem omnis dolorem occaecati. Provident quia ut incidunt blanditiis ipsam voluptatibus. Debitis incidunt fugiat neque eveniet deleniti mollitia animi.', 1, '2018-10-18 19:03:14', '2018-10-18 19:03:14'),
(3, 23, 'Ms. Alvina Stokes', 'Veritatis voluptas quo dolorum est sed necessitatibus aut. Perferendis id et culpa possimus omnis. Voluptas et aut libero nihil sit est. Qui explicabo voluptatem vel adipisci tempore qui sed nulla.', 1, '2018-10-18 19:03:14', '2018-10-18 19:03:14'),
(4, 14, 'Mrs. Orpha Pagac', 'Vel qui possimus quod ut. Velit eos quia alias corrupti fugiat. Dignissimos vero perferendis similique sunt facilis culpa.', 3, '2018-10-18 19:03:14', '2018-10-18 19:03:14'),
(5, 50, 'Bryana Bergstrom', 'Eveniet et eos et quo. Sit beatae est molestiae quo consequuntur illo minima. Cumque nobis velit quaerat laborum odit.', 3, '2018-10-18 19:03:14', '2018-10-18 19:03:14'),
(6, 43, 'Anastasia Johnson', 'Quas magni necessitatibus nam ullam repudiandae. Iusto fugiat voluptas laudantium dolor consequuntur deleniti dolorum. Magni hic labore in. Rem eligendi quisquam molestiae perspiciatis quo officia tempora aliquam.', 2, '2018-10-18 19:03:14', '2018-10-18 19:03:14'),
(7, 31, 'Brando Schroeder MD', 'Voluptatem ut itaque sed ratione. Eligendi incidunt voluptas itaque enim similique. Ut excepturi optio voluptas aliquam beatae impedit.', 0, '2018-10-18 19:03:14', '2018-10-18 19:03:14'),
(8, 35, 'Monty Heaney DVM', 'Voluptatem iste voluptatem quia dolor officia vel amet. Quis qui ratione eveniet nobis.', 5, '2018-10-18 19:03:14', '2018-10-18 19:03:14'),
(9, 35, 'Dr. Jamar Barton', 'Dignissimos ipsum doloremque blanditiis est et accusantium adipisci. Nulla sit et a. Maxime maxime sunt quod.', 4, '2018-10-18 19:03:14', '2018-10-18 19:03:14'),
(10, 3, 'Lina Hansen II', 'Eius at sequi consequatur veniam. Aut mollitia ex qui et necessitatibus. Quis deserunt eos enim et corrupti. Nostrum tenetur possimus fuga voluptas qui nesciunt.', 4, '2018-10-18 19:03:14', '2018-10-18 19:03:14'),
(11, 42, 'Jairo Gottlieb', 'Quibusdam expedita officiis quidem quas aut fugiat est. Reiciendis odit ipsum perspiciatis et sunt qui deserunt sed. Et aperiam minus inventore. Voluptas non nesciunt animi at sint numquam incidunt.', 2, '2018-10-18 19:03:14', '2018-10-18 19:03:14'),
(12, 14, 'Fanny Batz', 'Consequatur totam necessitatibus excepturi exercitationem deserunt et dolores. Quam quo molestiae qui quibusdam eos ratione voluptas. Tempore soluta voluptatem voluptate ea nihil cum nihil. Cupiditate non accusantium occaecati atque dolores minima quia.', 1, '2018-10-18 19:03:14', '2018-10-18 19:03:14'),
(13, 20, 'Vaughn Berge', 'A est nihil dicta. Qui nulla cum quae quo sed sit sed. Ut quia reprehenderit cumque ipsa quia et sunt. Sunt rerum possimus nisi aperiam iste.', 0, '2018-10-18 19:03:14', '2018-10-18 19:03:14'),
(14, 42, 'Thora Ferry', 'Reprehenderit fugiat cupiditate aliquam vitae maxime. Cupiditate sint non nihil et accusamus numquam. Necessitatibus repellendus ut sint voluptate magnam nisi debitis.', 4, '2018-10-18 19:03:14', '2018-10-18 19:03:14'),
(15, 17, 'Zack Ferry', 'Quia recusandae repudiandae itaque. Labore deleniti voluptas dignissimos nesciunt. Qui eum ullam quidem fugiat enim odio.', 5, '2018-10-18 19:03:15', '2018-10-18 19:03:15'),
(16, 44, 'Prof. Nella Schumm I', 'Qui similique magni explicabo eveniet. Adipisci quo est debitis vitae qui.', 3, '2018-10-18 19:03:15', '2018-10-18 19:03:15'),
(17, 30, 'Janae Kiehn', 'Hic at molestias dicta error. At dolorum autem velit. Ut enim quisquam repellat odit qui.', 3, '2018-10-18 19:03:15', '2018-10-18 19:03:15'),
(18, 43, 'Mariam Altenwerth Sr.', 'Rem qui qui voluptate reiciendis distinctio. Nisi molestiae iure itaque aut. Nam nam sequi enim dolores ratione voluptas voluptatibus cupiditate.', 5, '2018-10-18 19:03:15', '2018-10-18 19:03:15'),
(19, 47, 'Olin Medhurst', 'Quod voluptates dolorem earum impedit odit dignissimos laboriosam accusamus. Pariatur dolor praesentium cumque aliquam libero. Quia expedita vel neque. In aspernatur ducimus eos sit ratione voluptatem nostrum.', 2, '2018-10-18 19:03:15', '2018-10-18 19:03:15'),
(20, 49, 'Keely Mosciski', 'Harum repudiandae suscipit ea qui. Molestiae non dolorem molestias deleniti asperiores ipsa. Rerum sint quasi repellat eum soluta. Eum aperiam sed tempora non cumque cum.', 3, '2018-10-18 19:03:15', '2018-10-18 19:03:15'),
(21, 35, 'Aron Swaniawski', 'Laborum explicabo ipsa et quidem. Voluptatem reiciendis aspernatur possimus sit atque dolor. Molestiae sit voluptatibus et vitae beatae consequuntur ex recusandae. Aspernatur ea eligendi rerum inventore adipisci voluptatem adipisci.', 4, '2018-10-18 19:03:15', '2018-10-18 19:03:15'),
(22, 40, 'Fanny Pagac', 'Molestiae voluptas et vel natus quae eum. Assumenda neque saepe et soluta et nulla. Et voluptates odio provident est commodi.', 2, '2018-10-18 19:03:15', '2018-10-18 19:03:15'),
(23, 41, 'Waldo Mraz', 'Molestias adipisci rerum accusamus velit non illum. Consequatur tempora quis provident et maiores. Molestiae saepe sed corporis eaque. Libero quia animi reiciendis est.', 4, '2018-10-18 19:03:15', '2018-10-18 19:03:15'),
(24, 47, 'Amely Okuneva', 'Repudiandae ut quos animi excepturi. Debitis nisi in dolores corporis. Ut laboriosam sed ullam rerum sint recusandae. Maxime accusamus numquam cumque enim delectus sint.', 4, '2018-10-18 19:03:15', '2018-10-18 19:03:15'),
(25, 1, 'Brielle Boyer', 'Non ducimus ipsam et expedita praesentium. Neque voluptatem voluptatem atque accusantium qui dolor. Rerum tenetur earum distinctio non et eum. Iusto adipisci aut ex impedit et.', 5, '2018-10-18 19:03:15', '2018-10-18 19:03:15'),
(26, 23, 'Dora Von', 'Placeat porro quasi in nesciunt sed deserunt harum. Est quaerat itaque quibusdam quia velit dolorem. Nostrum voluptatum voluptatem optio incidunt aliquam. Ex distinctio fugit repellat eum similique ut.', 4, '2018-10-18 19:03:15', '2018-10-18 19:03:15'),
(27, 49, 'Miss Casandra Effertz III', 'Eligendi architecto laborum omnis necessitatibus quasi. Modi ducimus commodi eum provident sed quia. Vitae dolorem alias qui eius fuga.', 0, '2018-10-18 19:03:15', '2018-10-18 19:03:15'),
(28, 24, 'Jeromy Schulist', 'Provident voluptatem soluta corrupti beatae ipsa et. Rerum quis cupiditate id ut sint qui ut vel. Omnis suscipit aliquid officia est. Est deleniti error dolorum temporibus ea.', 2, '2018-10-18 19:03:15', '2018-10-18 19:03:15'),
(29, 14, 'Haleigh Romaguera', 'Et dolorem quisquam quia officia perspiciatis nobis eum reprehenderit. Mollitia qui voluptatum ad nihil voluptatem. Nostrum ea et labore consectetur.', 3, '2018-10-18 19:03:15', '2018-10-18 19:03:15'),
(30, 17, 'Prof. Roxane Lang', 'Sit ducimus amet quibusdam fugit ipsum similique. Consequatur dolor eum eligendi. Veniam cumque ut ut alias voluptatem quidem veniam.', 1, '2018-10-18 19:03:15', '2018-10-18 19:03:15'),
(31, 26, 'Thelma Block MD', 'Accusamus voluptatum dicta repellendus. Eos praesentium aspernatur ipsam. Voluptas rerum reprehenderit beatae vero.', 4, '2018-10-18 19:03:15', '2018-10-18 19:03:15'),
(32, 50, 'Prof. Tristian Lockman', 'Suscipit consequatur facere libero omnis. Iure tenetur et consequatur occaecati. Aut est soluta sed nesciunt eos rerum.', 3, '2018-10-18 19:03:15', '2018-10-18 19:03:15'),
(33, 43, 'Bridgette Heidenreich', 'Natus sed perferendis dignissimos doloremque rerum dolor. Quidem ut voluptatem iure qui commodi expedita quia. Qui aut nulla quidem recusandae earum non dolorem. Suscipit ducimus in ut nemo aliquam rem.', 3, '2018-10-18 19:03:15', '2018-10-18 19:03:15'),
(34, 45, 'Reymundo Kshlerin', 'Atque ducimus sed cum amet. Corporis impedit alias doloribus. Voluptas id molestiae id porro qui enim sequi.', 0, '2018-10-18 19:03:15', '2018-10-18 19:03:15'),
(35, 20, 'Paige Donnelly', 'Aliquid doloribus omnis nihil impedit a. Et architecto blanditiis ullam vitae omnis accusamus nihil aliquam. Ut eligendi atque nihil quod dicta eligendi. Laborum atque culpa voluptas.', 0, '2018-10-18 19:03:15', '2018-10-18 19:03:15'),
(36, 8, 'Wava Tillman', 'Inventore doloribus et tenetur. Ducimus id quam cumque doloremque non consequuntur. Reprehenderit nisi est eaque qui et. Adipisci nihil autem commodi sed ipsam accusantium incidunt.', 1, '2018-10-18 19:03:15', '2018-10-18 19:03:15'),
(37, 15, 'Dr. Godfrey Roob MD', 'Corrupti aperiam neque laudantium officia autem blanditiis. Officia sit rerum dolorem et dolore aut. Ratione qui nesciunt qui. Expedita dolores fugit voluptatum. Magnam ut a occaecati.', 1, '2018-10-18 19:03:15', '2018-10-18 19:03:15'),
(38, 36, 'Willy Turner', 'Sint explicabo maiores nesciunt enim. Et odit et a commodi. Reiciendis earum in harum commodi ratione dolor quidem quia. Rerum debitis dolores officiis aut id.', 5, '2018-10-18 19:03:15', '2018-10-18 19:03:15'),
(39, 44, 'Prof. Jayson McKenzie', 'Doloremque doloremque voluptate dolores culpa. Est impedit consequatur facere repellat molestias. Ex voluptatem beatae molestias labore vel et. Consequatur dolorem perferendis rerum voluptate et.', 5, '2018-10-18 19:03:16', '2018-10-18 19:03:16'),
(40, 32, 'Alba Parker', 'Accusamus et ut a sit. Nam odit explicabo tempore modi harum. Molestiae qui error tenetur iste illo sed.', 2, '2018-10-18 19:03:16', '2018-10-18 19:03:16'),
(41, 40, 'Mrs. Mossie Sporer III', 'Inventore optio corrupti hic natus. Neque illum nostrum consequatur numquam. Dignissimos voluptatum et expedita aperiam. Asperiores tempora quae cumque sit autem.', 4, '2018-10-18 19:03:16', '2018-10-18 19:03:16'),
(42, 47, 'Kendall Murazik IV', 'Voluptatem cum blanditiis perspiciatis minus suscipit quae. Quasi ex dolor vero cupiditate nesciunt omnis eveniet voluptate. Facere odit eius debitis non aspernatur aliquam.', 0, '2018-10-18 19:03:16', '2018-10-18 19:03:16'),
(43, 17, 'Dr. Fidel Roberts', 'Minima voluptas at harum natus eos earum. Rerum repellat est sit ut velit ducimus. Minus a aperiam sint nemo vitae nostrum. Voluptas fuga sed sed blanditiis dolor soluta eos.', 3, '2018-10-18 19:03:16', '2018-10-18 19:03:16'),
(44, 29, 'Dr. Miles Jerde', 'Vero consequatur velit minus tempora nemo nobis. Qui voluptas eos tempore similique itaque. Nostrum ea et dolore. Et aut inventore inventore.', 5, '2018-10-18 19:03:16', '2018-10-18 19:03:16'),
(45, 32, 'Bell Upton', 'Voluptas laudantium vel qui recusandae eos. Aspernatur aperiam qui enim impedit. Non ad occaecati a nam non quis. Non ut voluptatem quae quibusdam. Id aut nisi placeat pariatur voluptatem dolores quas.', 0, '2018-10-18 19:03:16', '2018-10-18 19:03:16'),
(46, 33, 'Ms. Mckayla Runolfsson', 'Omnis inventore repudiandae error et. Molestiae deserunt sunt atque fuga. Soluta vitae voluptatibus explicabo deleniti rerum et assumenda.', 1, '2018-10-18 19:03:16', '2018-10-18 19:03:16'),
(47, 44, 'Mr. Devan Koss', 'Ea sed soluta voluptas ex inventore et. Molestiae iusto ut aperiam pariatur. Blanditiis occaecati fuga quis necessitatibus nobis sequi neque.', 3, '2018-10-18 19:03:16', '2018-10-18 19:03:16'),
(48, 38, 'Toney Reichel', 'Modi et voluptas nostrum dolorum libero. Qui harum consequatur molestiae est suscipit temporibus. Quasi recusandae aperiam similique officia distinctio fugit perferendis.', 0, '2018-10-18 19:03:16', '2018-10-18 19:03:16'),
(49, 9, 'Angeline Leffler', 'Quia magni sit sed accusamus dolorem aliquam. Velit eos recusandae qui nam consectetur. Voluptatum ut rem omnis doloremque.', 1, '2018-10-18 19:03:16', '2018-10-18 19:03:16'),
(50, 6, 'Prof. Jayson Smith IV', 'Blanditiis omnis ex omnis rerum fugit culpa omnis. Sed sint voluptas illum laborum. Id aut et ut voluptas atque voluptate est.', 5, '2018-10-18 19:03:16', '2018-10-18 19:03:16'),
(51, 11, 'Hanna Goodwin', 'Aperiam aspernatur corporis inventore optio sint dolores voluptatum. Quibusdam omnis cumque dolor eaque consequatur ullam debitis. Qui aut consequatur ut nam voluptas ut quis doloribus. Architecto aliquid consectetur qui earum voluptas modi ea.', 2, '2018-10-18 19:03:16', '2018-10-18 19:03:16'),
(52, 21, 'Cassidy Muller', 'Aut distinctio voluptas laboriosam in veniam. Molestiae provident dolorem ut earum expedita. Ea repellat dolores ut eum esse aut. Sed ullam sunt perspiciatis sed illo.', 3, '2018-10-18 19:03:16', '2018-10-18 19:03:16'),
(53, 46, 'Adela Cummings', 'Itaque molestiae odit pariatur omnis maiores voluptatem ut. Aut cumque est harum dolore est. Voluptas accusamus placeat non doloribus consequatur voluptatem nemo. Incidunt voluptas et blanditiis. Quidem exercitationem nisi eum perferendis voluptates.', 5, '2018-10-18 19:03:16', '2018-10-18 19:03:16'),
(54, 6, 'Alfreda Breitenberg', 'Praesentium aperiam et totam ipsam mollitia blanditiis. Sit quia eius dolores voluptates consequatur aliquam. Natus non aut qui quisquam. Sunt est cumque nostrum excepturi voluptates eveniet.', 0, '2018-10-18 19:03:16', '2018-10-18 19:03:16'),
(55, 8, 'Yvonne Aufderhar', 'Accusamus ut consequuntur quibusdam ea quidem vel. Aspernatur unde odio ex perspiciatis et omnis. Laudantium doloribus reiciendis qui dolor. Natus natus consequatur hic non distinctio.', 1, '2018-10-18 19:03:16', '2018-10-18 19:03:16'),
(56, 28, 'Dr. Scottie Swift', 'Optio animi inventore quo aut. Nisi deleniti voluptas aut ipsa enim. Vitae vero non ut illum voluptatum cum. Et rem dolorem rerum omnis consequatur vel.', 3, '2018-10-18 19:03:16', '2018-10-18 19:03:16'),
(57, 21, 'Ms. Vicenta Dibbert DDS', 'Molestiae inventore soluta illo quae. Impedit cum in quia officiis a velit omnis perferendis. Et sed veritatis facilis accusamus consequuntur et.', 3, '2018-10-18 19:03:16', '2018-10-18 19:03:16'),
(58, 17, 'Miss Destiney Gottlieb', 'Repellat error tenetur numquam quaerat debitis. Quas maxime rerum neque doloremque. Iste sint temporibus dolores. Quos at sint quia voluptas corporis nam.', 2, '2018-10-18 19:03:16', '2018-10-18 19:03:16'),
(59, 36, 'Elton Funk', 'Esse qui eveniet saepe totam. Maiores sit qui laudantium. Possimus voluptatibus hic sunt corporis. Velit ea et quia excepturi iure esse quasi.', 2, '2018-10-18 19:03:16', '2018-10-18 19:03:16'),
(60, 43, 'Joshua O\'Hara', 'Impedit maxime tenetur officiis ut magnam quae aut sit. Aut perspiciatis nesciunt vel omnis et veritatis qui. Quidem dicta non eos. Dolor sit quod ut architecto.', 5, '2018-10-18 19:03:16', '2018-10-18 19:03:16'),
(61, 2, 'Merl Daugherty', 'Placeat voluptatum non eos labore libero sit impedit. Omnis fugit aut est eum nemo necessitatibus. Architecto at est vero sit. Sint et sint eius occaecati ullam.', 1, '2018-10-18 19:03:16', '2018-10-18 19:03:16'),
(62, 27, 'Pearl Brekke', 'Provident odit soluta qui officiis inventore omnis. Eligendi optio placeat molestiae nisi tenetur ea delectus.', 3, '2018-10-18 19:03:17', '2018-10-18 19:03:17'),
(63, 13, 'Prof. Jack Padberg IV', 'Aperiam dolores consequuntur aut placeat ut placeat. Natus odit maiores eum in. Nihil consectetur cum animi. Possimus vel repellendus sit nemo dolor. Dolores voluptatibus accusantium asperiores voluptatem.', 4, '2018-10-18 19:03:17', '2018-10-18 19:03:17'),
(64, 16, 'Shanelle Okuneva', 'Quis in ratione suscipit necessitatibus vel non et itaque. Consectetur nam sint incidunt velit inventore. Facilis dolorem qui et. Alias est numquam ullam atque quasi. Et architecto at optio provident corporis numquam minima impedit.', 5, '2018-10-18 19:03:17', '2018-10-18 19:03:17'),
(65, 17, 'Ms. Michaela Murphy DVM', 'Aut rem mollitia dolore aut iste. Rem error dignissimos quia quas adipisci. Quos nostrum ratione voluptas iusto eius.', 3, '2018-10-18 19:03:17', '2018-10-18 19:03:17'),
(66, 25, 'Larissa Ryan', 'Eos ut excepturi quasi architecto eum labore. Nam totam officiis ea est eos nobis cumque. Minus possimus dolorem voluptas officia ratione mollitia qui.', 2, '2018-10-18 19:03:17', '2018-10-18 19:03:17'),
(67, 6, 'Mr. Marco Dare', 'Minima et velit dolor. Accusamus error est et provident. Qui hic neque possimus at.', 2, '2018-10-18 19:03:17', '2018-10-18 19:03:17'),
(68, 50, 'Mr. Waino Botsford', 'Suscipit eligendi nisi repudiandae laudantium. Quod ea quis provident voluptatibus dolor aut. Dolorum dignissimos voluptate velit quisquam.', 1, '2018-10-18 19:03:17', '2018-10-18 19:03:17'),
(69, 47, 'Dr. Gertrude Willms IV', 'Qui inventore quidem facilis fuga saepe. Omnis perferendis omnis dolorem quaerat. Assumenda ut quia sed tenetur voluptatem eum ea. Est non ipsam provident consequatur.', 1, '2018-10-18 19:03:17', '2018-10-18 19:03:17'),
(70, 40, 'Miss Elissa Konopelski MD', 'Cumque reiciendis provident iusto temporibus rerum iure. Recusandae culpa ratione assumenda unde dolorum.', 2, '2018-10-18 19:03:17', '2018-10-18 19:03:17'),
(71, 30, 'Jaquelin Emard', 'Omnis ut quae quos est magnam. Consequatur placeat eaque aut placeat sequi. Sit consectetur voluptatem earum quisquam est qui. Qui ut quia occaecati.', 3, '2018-10-18 19:03:17', '2018-10-18 19:03:17'),
(72, 23, 'Delphia Satterfield V', 'Sit harum facere soluta quia nesciunt. Inventore ut expedita voluptatem non et sunt voluptas. Quia mollitia labore sapiente voluptas non consequuntur.', 3, '2018-10-18 19:03:17', '2018-10-18 19:03:17'),
(73, 30, 'Ford Jacobi', 'Quod magni nihil laboriosam debitis dolorem ipsa recusandae quia. Laborum excepturi sapiente ullam autem asperiores corporis ea. Qui non qui vitae at.', 0, '2018-10-18 19:03:17', '2018-10-18 19:03:17'),
(74, 36, 'Prof. Tiara Conroy III', 'Laboriosam non eum aut maiores modi id voluptas qui. Et at est qui aut voluptate. Occaecati vero et cumque asperiores. Et porro eum repudiandae sit ut. Repellat voluptates omnis numquam ipsa omnis perspiciatis.', 1, '2018-10-18 19:03:17', '2018-10-18 19:03:17'),
(75, 23, 'Alexa Wilderman', 'Minima animi veniam consequatur perferendis nihil quo. Corrupti pariatur inventore velit et soluta molestiae suscipit. Tenetur optio enim recusandae nostrum vel a.', 2, '2018-10-18 19:03:17', '2018-10-18 19:03:17'),
(76, 21, 'Mr. Guiseppe McCullough Jr.', 'Quam fugiat pariatur numquam molestiae. Non qui natus eum est qui perferendis soluta. Corporis quas aut soluta quis.', 1, '2018-10-18 19:03:17', '2018-10-18 19:03:17'),
(77, 7, 'Miss Roslyn O\'Hara II', 'Nulla facere et corrupti autem tempore quae. Saepe iusto libero molestias expedita nesciunt praesentium.', 4, '2018-10-18 19:03:17', '2018-10-18 19:03:17'),
(78, 43, 'Concepcion Fahey', 'Ut non id est ipsum facere. Sunt qui quia delectus aut aut. Molestiae corrupti magnam iure perspiciatis ut ullam aut iusto.', 0, '2018-10-18 19:03:17', '2018-10-18 19:03:17'),
(79, 10, 'Garnet Okuneva', 'Qui ea deserunt impedit. Provident beatae dolor nihil molestias facilis nulla. Laboriosam fuga excepturi numquam et in. Delectus voluptates quia sed velit molestiae porro vitae.', 0, '2018-10-18 19:03:17', '2018-10-18 19:03:17'),
(80, 30, 'Kassandra Kshlerin', 'Soluta deleniti dolores aut iste ipsum sunt enim ipsum. Totam sed voluptatem hic dolores quidem. Molestiae at consectetur et.', 5, '2018-10-18 19:03:17', '2018-10-18 19:03:17'),
(81, 23, 'Mr. Narciso Huel', 'Voluptatem reiciendis quo nemo qui. Quis quis tenetur et voluptates voluptatem et consequatur rem.', 2, '2018-10-18 19:03:17', '2018-10-18 19:03:17'),
(82, 39, 'Amiya Kuphal', 'Aliquam et nesciunt molestiae dolor ipsa. Voluptas ad a perferendis aliquid et porro esse non. Excepturi veniam ut dolore nihil dolores voluptas et. Eos commodi accusantium dolorem non ut.', 0, '2018-10-18 19:03:17', '2018-10-18 19:03:17'),
(83, 50, 'Vanessa Mante', 'Ut suscipit ut omnis natus placeat. Maxime dicta nam qui atque. Recusandae earum numquam ipsum corrupti voluptate ducimus iste.', 4, '2018-10-18 19:03:17', '2018-10-18 19:03:17'),
(84, 43, 'Prof. Evan Simonis Jr.', 'Impedit beatae nisi est ipsa deserunt et sed. Sit tempora eos earum est a suscipit fugiat. Eligendi nihil magnam officia magnam sed incidunt voluptates.', 1, '2018-10-18 19:03:17', '2018-10-18 19:03:17'),
(85, 6, 'Santiago Prohaska', 'Animi sunt ut omnis occaecati aut facere. Fugiat quibusdam voluptatem fugiat id optio et. Ipsa suscipit iste nisi. Voluptatibus sed nesciunt dolorem eveniet autem nemo minus qui.', 0, '2018-10-18 19:03:17', '2018-10-18 19:03:17'),
(86, 13, 'Markus Borer', 'Laboriosam id dolores eum aliquid ut dolorum. Et perspiciatis officiis culpa magnam doloribus officia voluptatibus.', 3, '2018-10-18 19:03:18', '2018-10-18 19:03:18'),
(87, 48, 'Lura Deckow Sr.', 'Sint vel natus a quod nisi ipsa nostrum vero. Soluta rerum illum commodi praesentium. Possimus ipsam deleniti labore nam quia sapiente non. Libero dolor sed est eaque.', 5, '2018-10-18 19:03:18', '2018-10-18 19:03:18'),
(88, 5, 'Richie Wiza', 'Vel quia at iusto. Nesciunt voluptas eum aperiam nesciunt et qui dolor rem. In quam voluptas quasi atque fugiat quis.', 4, '2018-10-18 19:03:18', '2018-10-18 19:03:18'),
(89, 3, 'Maybell O\'Keefe', 'Praesentium architecto non perspiciatis aut quos aliquid. Consequatur eos numquam quod. Aspernatur libero sapiente amet earum facilis et.', 5, '2018-10-18 19:03:18', '2018-10-18 19:03:18'),
(90, 7, 'Ms. Jeanie Jenkins', 'Quae molestias fuga velit similique et eos consectetur optio. Et veritatis in architecto sit. Assumenda aliquam rerum qui sunt vel est. Ab ab perferendis culpa illum sunt nemo sit.', 3, '2018-10-18 19:03:18', '2018-10-18 19:03:18'),
(91, 21, 'Ms. Mozelle Kohler', 'Quis molestias cum quis qui ex aut libero. Provident quod aut voluptate quo veritatis quasi dignissimos. Veritatis ea aut eos et sit.', 5, '2018-10-18 19:03:18', '2018-10-18 19:03:18'),
(92, 4, 'Nathanael Ebert DVM', 'Sequi ut excepturi non quas laudantium earum. Aut est rerum illum. Libero sit labore hic.', 3, '2018-10-18 19:03:18', '2018-10-18 19:03:18'),
(93, 8, 'Stanford Larkin', 'Hic aperiam eum dolor saepe et. Assumenda quis ab aperiam similique ut qui voluptatem. Qui dolorem pariatur distinctio nostrum officiis in doloribus. Non cumque accusamus et repellat.', 0, '2018-10-18 19:03:18', '2018-10-18 19:03:18'),
(94, 10, 'Celestine Collins', 'Molestiae impedit recusandae accusamus hic et ratione. Inventore laboriosam qui vel tenetur laudantium voluptas eius. Architecto et laboriosam officiis ipsa harum esse architecto.', 3, '2018-10-18 19:03:18', '2018-10-18 19:03:18'),
(95, 46, 'Nyasia Wunsch', 'Impedit et sunt ipsa quo quia. Labore necessitatibus ea eum nihil. Voluptatum fugiat consequatur veritatis corporis eius quo. Et reiciendis temporibus et molestiae ullam unde dolore.', 1, '2018-10-18 19:03:18', '2018-10-18 19:03:18'),
(96, 4, 'Mrs. Ivah Bogan', 'Qui beatae quo quia. Aut et atque dolor quas.', 4, '2018-10-18 19:03:18', '2018-10-18 19:03:18'),
(97, 34, 'Deven Conroy', 'A sed laborum culpa suscipit. Repellendus esse et quos dignissimos qui. Dolor dolor nihil praesentium et voluptatem tempora. Numquam ut asperiores qui qui omnis atque.', 2, '2018-10-18 19:03:18', '2018-10-18 19:03:18'),
(98, 4, 'Beryl Morissette', 'Dolorum rerum rem et quia ea. Est nesciunt atque veniam consequatur delectus. Quisquam omnis ut fugit corrupti. Voluptatibus odio quos accusamus omnis.', 2, '2018-10-18 19:03:18', '2018-10-18 19:03:18'),
(99, 39, 'Guadalupe Gulgowski', 'Totam et ipsa temporibus quas consequatur quisquam praesentium. Similique ipsum qui amet beatae vel et exercitationem error. Repellat quia et dolores aperiam eum eius. Aliquam modi nihil dolorem iure libero quidem.', 2, '2018-10-18 19:03:18', '2018-10-18 19:03:18'),
(100, 6, 'Marjory Jacobi', 'Architecto corporis similique voluptas et quae. Non nam est iure eius debitis. Quia quaerat non et quisquam praesentium. Et eius et aperiam voluptas expedita.', 0, '2018-10-18 19:03:18', '2018-10-18 19:03:18'),
(101, 20, 'Kitty Brakus V', 'Non voluptate eius et pariatur laboriosam esse voluptatum. Quis consequatur deleniti omnis sit labore occaecati. Laudantium dolorem velit est consequuntur ipsum. Maxime dicta occaecati consectetur assumenda et sed magni. Qui quod voluptas voluptatum dicta iusto porro.', 0, '2018-10-18 19:03:18', '2018-10-18 19:03:18'),
(102, 31, 'D\'angelo Howell', 'Ab dolores dignissimos sit mollitia necessitatibus. Natus ut natus non et doloribus. Dolorem expedita itaque quas voluptatum consequatur non deserunt. Fuga explicabo id sed ullam.', 2, '2018-10-18 19:03:18', '2018-10-18 19:03:18'),
(103, 16, 'Josephine O\'Reilly', 'Reprehenderit libero temporibus et odit quo esse modi. Sit animi non molestiae qui ipsum quisquam. Quia praesentium eos laudantium veritatis est est.', 1, '2018-10-18 19:03:18', '2018-10-18 19:03:18'),
(104, 31, 'Megane Hintz', 'Ipsa est numquam qui corporis ex ut. Necessitatibus asperiores soluta qui corrupti est id. Dolores facilis eos ipsum et autem consectetur sed eaque. Totam perferendis fuga dolorem nesciunt sed.', 1, '2018-10-18 19:03:18', '2018-10-18 19:03:18'),
(105, 42, 'Caterina Hauck', 'Quis deleniti deleniti animi reiciendis voluptas laborum maiores. Et pariatur expedita voluptas unde velit nihil dolores. Excepturi amet quod adipisci ab assumenda ducimus rerum. Modi et quia nesciunt.', 0, '2018-10-18 19:03:18', '2018-10-18 19:03:18'),
(106, 28, 'Ms. Electa Dicki II', 'Quo explicabo sunt quia officiis. Praesentium id et voluptatem rerum perferendis nostrum eveniet. Et accusantium sed recusandae doloribus.', 5, '2018-10-18 19:03:18', '2018-10-18 19:03:18'),
(107, 23, 'Meaghan Anderson', 'Sunt velit qui laborum nobis voluptate. Vel aliquid sint rem architecto sit veritatis consequatur.', 2, '2018-10-18 19:03:18', '2018-10-18 19:03:18'),
(108, 45, 'Tara Schaefer Sr.', 'Aspernatur velit similique voluptates dignissimos error. Totam molestiae exercitationem voluptatem temporibus ratione. Optio dignissimos minima sequi aperiam non. Error voluptas sit error officia omnis et. Sit in esse qui consequuntur saepe.', 2, '2018-10-18 19:03:18', '2018-10-18 19:03:18'),
(109, 11, 'Zora Kuhn', 'Quibusdam ab unde dolorem omnis. Consequatur iste et eius molestias nihil voluptatem deleniti unde.', 5, '2018-10-18 19:03:18', '2018-10-18 19:03:18'),
(110, 21, 'Ms. Dina Fay DDS', 'Veritatis provident sit assumenda quia excepturi. Numquam iste repudiandae incidunt maxime quis saepe. Dolores odit commodi eum itaque distinctio sint minus.', 1, '2018-10-18 19:03:18', '2018-10-18 19:03:18'),
(111, 9, 'Prof. Eddie McLaughlin', 'Voluptatum iusto aliquam aut. Corporis ea omnis et sunt quae architecto. Rerum enim sunt reprehenderit sed consequatur.', 0, '2018-10-18 19:03:18', '2018-10-18 19:03:18'),
(112, 45, 'Benedict Doyle', 'Temporibus eligendi ut molestiae molestias. Est cumque aut pariatur occaecati et quos atque. Odit sit et eum perspiciatis veritatis atque. Tempora tempora ea et ipsum quia aspernatur laboriosam.', 2, '2018-10-18 19:03:19', '2018-10-18 19:03:19'),
(113, 50, 'Malinda Douglas', 'Nulla consequatur qui quia autem atque quo. Et aut eum maxime alias quia voluptas fugiat. Quas vel voluptatum sit molestias in qui eligendi.', 4, '2018-10-18 19:03:19', '2018-10-18 19:03:19'),
(114, 22, 'Norwood Hoeger V', 'Quis odit quis qui. Illum consequatur praesentium ut voluptatum. Sit dolor voluptatum iure non praesentium sit. Omnis inventore in natus et.', 3, '2018-10-18 19:03:19', '2018-10-18 19:03:19'),
(115, 40, 'Mr. Ole Brakus', 'Corporis ea eum ipsam ut iste sed. Quia cupiditate harum est temporibus quia. Ut non placeat velit corrupti voluptatum expedita autem. Nihil debitis perferendis non est.', 0, '2018-10-18 19:03:19', '2018-10-18 19:03:19'),
(116, 45, 'Prof. Alek D\'Amore DDS', 'Dolore quidem iste consequatur totam maxime iusto dolorem aut. Fugit voluptatem ea sunt earum excepturi quod.', 4, '2018-10-18 19:03:19', '2018-10-18 19:03:19'),
(117, 36, 'Kimberly Moen', 'Non deserunt mollitia perspiciatis cupiditate enim repellat. Nemo autem similique ipsam ut recusandae aut quia. Vitae dolorem fuga mollitia nam dolor ad.', 3, '2018-10-18 19:03:19', '2018-10-18 19:03:19'),
(118, 18, 'Agnes Schoen', 'Numquam ea nihil dolorum incidunt aut. Amet et reprehenderit magnam enim ipsa asperiores enim. Magnam odio et cum aut architecto.', 4, '2018-10-18 19:03:19', '2018-10-18 19:03:19'),
(119, 27, 'Ryley Mante', 'Cum aliquid voluptatem reiciendis sit laborum quidem. Similique et assumenda maiores voluptas non. Ut ea facere deserunt hic.', 5, '2018-10-18 19:03:19', '2018-10-18 19:03:19'),
(120, 47, 'Gail Pagac', 'Blanditiis repellat unde nisi qui eligendi. In voluptas dolor earum iste sed. Incidunt enim amet eos perferendis eligendi.', 3, '2018-10-18 19:03:19', '2018-10-18 19:03:19'),
(121, 25, 'Hobart Leffler', 'Laboriosam eum velit soluta. Quis quod dolores culpa ad. Et delectus unde accusamus expedita in repellat vero. Et itaque nam similique.', 2, '2018-10-18 19:03:19', '2018-10-18 19:03:19'),
(122, 41, 'Prof. Rylan Medhurst', 'Velit iure minima molestias voluptatem nobis amet aut. Natus quia delectus aliquid aut. Ut aliquam adipisci ea aut vel eius. Consectetur omnis eum consectetur quibusdam ducimus vel vitae ad.', 0, '2018-10-18 19:03:19', '2018-10-18 19:03:19'),
(123, 9, 'Giovani Bernier', 'Velit sit blanditiis consequuntur illum deserunt. Id ipsam cum dolorum tempora voluptatem et sit explicabo. Et sunt qui reiciendis incidunt reiciendis sed molestiae sint. Amet et corporis cum qui labore animi nemo. Sed sapiente vel dolorem possimus velit totam.', 4, '2018-10-18 19:03:19', '2018-10-18 19:03:19'),
(124, 2, 'Mrs. Cordia Bernhard', 'Qui dignissimos laudantium id similique. Voluptatum quae laboriosam eum veritatis. Voluptates sequi reprehenderit nostrum dolor non officiis maiores.', 1, '2018-10-18 19:03:19', '2018-10-18 19:03:19'),
(125, 39, 'Randi Mosciski', 'Iure sunt rem nihil et. Vel blanditiis eaque veniam reiciendis rerum. Rem blanditiis aut voluptatem doloribus nulla neque dicta. Aliquam aut et velit quaerat enim. Quam nostrum deserunt occaecati nisi natus sit quisquam.', 0, '2018-10-18 19:03:19', '2018-10-18 19:03:19'),
(126, 36, 'Prof. Gabe Hegmann', 'Beatae consectetur neque delectus enim necessitatibus at at tempore. Deserunt minima et nulla nesciunt quod consequuntur. Modi odit eos qui ad quaerat alias dolor.', 5, '2018-10-18 19:03:19', '2018-10-18 19:03:19'),
(127, 22, 'Darlene Hessel', 'Voluptatum eum repellendus commodi delectus est vel. Quibusdam molestiae asperiores quis doloribus. Officia pariatur beatae rerum ut perferendis accusantium et. Alias qui labore veniam autem.', 4, '2018-10-18 19:03:19', '2018-10-18 19:03:19'),
(128, 22, 'Prof. Luisa Tremblay II', 'Maiores deserunt odio mollitia ut quis repellendus rerum consequatur. Sapiente officia in magnam ea mollitia. A laboriosam recusandae eum praesentium laudantium enim dolores.', 5, '2018-10-18 19:03:19', '2018-10-18 19:03:19'),
(129, 35, 'Eugenia Mayer', 'Voluptates error inventore ea debitis numquam perspiciatis. Ea nostrum eos nostrum voluptas libero autem doloremque. Ut eum rem placeat numquam.', 5, '2018-10-18 19:03:19', '2018-10-18 19:03:19'),
(130, 9, 'Dr. Rosie Pollich', 'Et optio quidem atque accusamus fuga numquam in. Autem ipsam voluptatum cumque quisquam dolor. Excepturi dolor perspiciatis est recusandae fugit ad possimus explicabo. Adipisci et temporibus qui velit quas.', 2, '2018-10-18 19:03:19', '2018-10-18 19:03:19'),
(131, 6, 'Dr. Green Wintheiser V', 'Et aut dolorem enim. Dolorum iusto minima nihil itaque. Ratione voluptatem fugit et nemo qui dolor. Quia nisi itaque debitis quisquam quas aspernatur qui. Voluptas officia nemo odit illum qui at inventore beatae.', 3, '2018-10-18 19:03:19', '2018-10-18 19:03:19'),
(132, 42, 'Dr. Karen Goldner V', 'Ipsum quis ratione fuga quo quia recusandae dolor. Quia magni saepe beatae quo. Adipisci voluptas nulla itaque quaerat ea quaerat. Nobis qui dicta et repellat quo et. Voluptas hic ad est ad autem sapiente.', 2, '2018-10-18 19:03:19', '2018-10-18 19:03:19'),
(133, 44, 'Alvina Cartwright', 'Sunt quam molestias voluptatem velit iusto quis quasi. Molestiae sunt possimus ipsa consectetur dolores et. Qui saepe minima aliquam sint id.', 5, '2018-10-18 19:03:19', '2018-10-18 19:03:19'),
(134, 11, 'Jamarcus Lubowitz', 'Optio minus quia beatae veniam. Laborum eos magnam dolorem. Explicabo quas et nemo eaque qui.', 5, '2018-10-18 19:03:19', '2018-10-18 19:03:19'),
(135, 48, 'Dr. Lavon Fadel', 'Id quisquam dolorem temporibus nesciunt. Ut ex reiciendis vel vel iure reprehenderit nobis. Tempore et consequatur nihil quia quis sed facere blanditiis. Omnis et et quod ad eum.', 0, '2018-10-18 19:03:19', '2018-10-18 19:03:19'),
(136, 29, 'Katelin Bogan', 'Maiores sint suscipit rerum est. Consequatur est animi quaerat fugit sed.', 4, '2018-10-18 19:03:19', '2018-10-18 19:03:19'),
(137, 50, 'Prof. Cassidy Weber', 'Enim dolor sit iure doloremque vel. Aut et ex ab iure optio.', 1, '2018-10-18 19:03:20', '2018-10-18 19:03:20'),
(138, 1, 'Charlotte Bogan', 'Sunt quibusdam qui sed facere itaque et dignissimos rerum. Reprehenderit occaecati dignissimos nobis suscipit eum hic minima. Explicabo nihil exercitationem veritatis.', 3, '2018-10-18 19:03:20', '2018-10-18 19:03:20'),
(139, 28, 'Jaeden Ratke', 'Sit earum veritatis quisquam et. Distinctio est rem rerum qui minus et. Non hic cupiditate aliquid in quibusdam voluptatem sunt dolorem. Occaecati consequuntur excepturi dolore fugiat est.', 5, '2018-10-18 19:03:20', '2018-10-18 19:03:20'),
(140, 21, 'Marley Zboncak MD', 'Et sit magni ut magni culpa atque. Quo voluptatem dolorum enim quo voluptas. Temporibus ratione dignissimos aut laboriosam voluptas et.', 5, '2018-10-18 19:03:20', '2018-10-18 19:03:20'),
(141, 2, 'Eldon Goldner', 'Et optio incidunt asperiores voluptas. Voluptas quia et explicabo laborum autem reiciendis et. Sed laudantium et dolorum temporibus laboriosam consequatur. Quo reiciendis voluptatem ratione id et.', 5, '2018-10-18 19:03:20', '2018-10-18 19:03:20'),
(142, 5, 'Madelynn Hintz', 'Porro rerum nesciunt temporibus eum odit sed consequatur. Distinctio facere molestias aspernatur possimus architecto ab. Ut quo id facere dicta facilis. Commodi et qui incidunt officiis est aut repellat.', 4, '2018-10-18 19:03:20', '2018-10-18 19:03:20'),
(143, 13, 'Carley Fahey Jr.', 'Fuga et necessitatibus incidunt ut unde quasi. Voluptas omnis quia labore et facere. Sapiente qui minima necessitatibus.', 0, '2018-10-18 19:03:20', '2018-10-18 19:03:20'),
(144, 20, 'Haylee Hyatt', 'Est quisquam rerum in ut temporibus alias et. Et pariatur eos eos sed hic. Modi provident quisquam qui explicabo et dignissimos. Impedit dolorem molestias maxime quasi eaque asperiores voluptatem.', 4, '2018-10-18 19:03:20', '2018-10-18 19:03:20'),
(145, 38, 'Kenny Konopelski Jr.', 'Nihil enim eos sed mollitia consequatur quas officiis. Aliquid dolores nam numquam cum quisquam. Totam sit non eius quos error alias.', 1, '2018-10-18 19:03:20', '2018-10-18 19:03:20'),
(146, 35, 'Angie Jones', 'Dolorem sit sequi error deleniti velit labore sint. Harum repudiandae ea et. Corrupti et nihil id cupiditate ea sint ipsa.', 2, '2018-10-18 19:03:20', '2018-10-18 19:03:20'),
(147, 42, 'Jodie Veum', 'Sint nostrum dolores a et. Eaque accusantium perferendis dolores quod. Ut in sit quaerat quibusdam error quod.', 3, '2018-10-18 19:03:20', '2018-10-18 19:03:20'),
(148, 17, 'Makenzie Grady IV', 'Architecto in laboriosam quia reiciendis ad. Beatae veritatis beatae iste. Cum expedita ea ut id veritatis possimus quibusdam.', 4, '2018-10-18 19:03:20', '2018-10-18 19:03:20'),
(149, 35, 'Miss Noemie Kuphal III', 'Nam voluptate libero voluptas harum sit pariatur. Omnis quisquam deleniti autem quae minima necessitatibus fuga. Deleniti et aliquam quos modi. Explicabo quis quam eos exercitationem impedit.', 3, '2018-10-18 19:03:20', '2018-10-18 19:03:20'),
(150, 41, 'Prof. Kaya Quitzon IV', 'Itaque suscipit libero similique earum. Dolor modi beatae ut. Et quam voluptatem veritatis impedit. Et quisquam quasi consequuntur.', 0, '2018-10-18 19:03:20', '2018-10-18 19:03:20'),
(151, 22, 'Daniela Koss', 'Assumenda rerum beatae molestiae perspiciatis quae nemo. Ut facere eius magnam vel atque. Soluta culpa voluptate natus minima vel blanditiis. Reprehenderit eius ex voluptatum omnis assumenda autem officia.', 4, '2018-10-18 19:03:20', '2018-10-18 19:03:20'),
(152, 41, 'Dr. Gabe Balistreri', 'Saepe illo sequi culpa vel inventore nisi consequatur. Qui rem sed et velit sequi quidem. Consectetur sint quae at. Aliquam autem deserunt in saepe qui. Repudiandae fugit odio excepturi facere labore.', 4, '2018-10-18 19:03:20', '2018-10-18 19:03:20'),
(153, 17, 'Kirsten O\'Reilly', 'Rerum quia ipsam mollitia consequatur ut consectetur enim. Aliquam debitis culpa molestiae. Qui ducimus esse quod ut inventore incidunt veniam architecto. Omnis laboriosam qui aut velit.', 4, '2018-10-18 19:03:20', '2018-10-18 19:03:20'),
(154, 31, 'Kasandra Reilly', 'Occaecati nam est expedita aut. Atque iste perferendis et rerum. Animi eum quas possimus quaerat dignissimos voluptatem voluptatum.', 5, '2018-10-18 19:03:20', '2018-10-18 19:03:20'),
(155, 1, 'Bailey Cruickshank PhD', 'Facilis distinctio eaque quibusdam eligendi quae. Veritatis alias iure facere non inventore ratione dolorum. Ipsum vitae quos hic labore. Cumque qui quis magni rerum debitis minima totam.', 4, '2018-10-18 19:03:20', '2018-10-18 19:03:20'),
(156, 38, 'Jamarcus Boyle', 'Blanditiis quia est minus consequatur quos. Repudiandae dolores aut eos mollitia qui molestiae. Qui incidunt ratione placeat. Dolor ut nihil possimus.', 1, '2018-10-18 19:03:20', '2018-10-18 19:03:20'),
(157, 42, 'Mrs. Ariane Pouros MD', 'Et soluta et rerum ad impedit quasi. Tenetur quia dolorem libero inventore nulla ut voluptatem. Et voluptatem dignissimos est doloribus nobis dolor ipsam.', 4, '2018-10-18 19:03:20', '2018-10-18 19:03:20'),
(158, 24, 'Dr. Webster Hilpert', 'Incidunt ea qui aspernatur et. Animi eveniet modi odio velit. Deserunt veniam qui neque est libero.', 5, '2018-10-18 19:03:20', '2018-10-18 19:03:20'),
(159, 15, 'Francisco Schamberger', 'Quidem beatae doloremque odio maiores eligendi maiores nostrum eos. Voluptas doloribus consequatur possimus eaque odit dolorem minus quis.', 4, '2018-10-18 19:03:20', '2018-10-18 19:03:20'),
(160, 39, 'Prof. Stanton Jones', 'Rerum labore aut quibusdam et. Adipisci qui porro officia. Et possimus quae quis sint similique nobis.', 1, '2018-10-18 19:03:20', '2018-10-18 19:03:20'),
(161, 1, 'Prof. Abel Veum', 'Et repudiandae qui ex dolor earum et vitae. Et repellendus ea voluptas enim excepturi et quis.', 3, '2018-10-18 19:03:20', '2018-10-18 19:03:20'),
(162, 22, 'Dr. Eldon Brakus', 'Reiciendis fuga ipsa excepturi et. Quos voluptatum dignissimos nulla enim omnis. Rerum sit consequatur dignissimos eum recusandae possimus. Et odio placeat asperiores sapiente fuga tempora.', 0, '2018-10-18 19:03:20', '2018-10-18 19:03:20'),
(163, 10, 'Pat Price', 'Ut quod accusantium eveniet sint. Modi omnis et et nesciunt et quas qui. Sit qui facere sed qui sit veritatis nobis velit. Aut aliquam esse aut quia corporis quam voluptates.', 3, '2018-10-18 19:03:21', '2018-10-18 19:03:21'),
(164, 39, 'Anne Greenholt DVM', 'Consequatur reiciendis officiis nam dolores. Id fuga incidunt rerum dolorum facere earum non placeat. Necessitatibus rem rem modi magnam.', 5, '2018-10-18 19:03:21', '2018-10-18 19:03:21'),
(165, 26, 'Jensen Robel', 'Quis harum sed eos non. Aut sit ipsum ut. Hic ut maiores officiis quisquam distinctio quae.', 4, '2018-10-18 19:03:21', '2018-10-18 19:03:21'),
(166, 13, 'Prof. Josiah Kerluke', 'Consequatur earum voluptatem consectetur animi nam adipisci. Numquam dolore sed quos.', 5, '2018-10-18 19:03:21', '2018-10-18 19:03:21'),
(167, 6, 'Mr. Corbin Hahn III', 'Rerum ut dicta et deserunt libero. Molestiae suscipit ut consequuntur dicta earum. Molestiae provident porro et vel suscipit id.', 4, '2018-10-18 19:03:21', '2018-10-18 19:03:21'),
(168, 45, 'Timmy McGlynn', 'Sunt est eveniet in laborum tempore consequatur temporibus. Numquam voluptatem sapiente ut rerum. Excepturi alias vel porro aut tenetur fuga.', 2, '2018-10-18 19:03:21', '2018-10-18 19:03:21'),
(169, 16, 'Haleigh O\'Keefe PhD', 'Mollitia placeat et at dolorum. Non ullam nostrum et debitis eum. Et atque rem iusto aut exercitationem voluptas labore dolor.', 0, '2018-10-18 19:03:21', '2018-10-18 19:03:21'),
(170, 38, 'Miss Ena Bode', 'Itaque praesentium eaque tenetur debitis. Non eum dolores atque sit est. Rerum optio dolorem praesentium perferendis facere.', 1, '2018-10-18 19:03:21', '2018-10-18 19:03:21'),
(171, 21, 'Emelia VonRueden', 'Hic at ipsa culpa praesentium. Ea sed ea voluptas ut. Sed provident sit rem necessitatibus consequuntur est doloribus. Numquam et et voluptas corporis qui vel ab.', 0, '2018-10-18 19:03:21', '2018-10-18 19:03:21'),
(172, 4, 'Kylie Kuvalis V', 'Laborum qui minima consequatur aspernatur voluptatem magni cumque. Quas saepe at qui et earum quas. Id corporis ut ipsam voluptate veniam. Ex qui architecto quas recusandae.', 3, '2018-10-18 19:03:21', '2018-10-18 19:03:21'),
(173, 30, 'Dr. Selena Kuvalis', 'Doloribus rerum commodi beatae autem. Et mollitia consequuntur eaque aperiam qui dolorem ex. Non est quasi dolorum. Quod aperiam quia nisi pariatur deleniti molestiae cum.', 5, '2018-10-18 19:03:21', '2018-10-18 19:03:21'),
(174, 25, 'Dr. Daisy Okuneva Jr.', 'Architecto excepturi qui alias cum culpa aut enim. Totam magnam rem est voluptas et quis voluptates. Deserunt qui ea ea est quisquam. Dignissimos sit molestias quas pariatur labore quos unde.', 3, '2018-10-18 19:03:21', '2018-10-18 19:03:21'),
(175, 35, 'Keara Corkery', 'Ullam ut est neque accusamus maiores quaerat cumque. Repellat ut nisi ut voluptas doloremque. Qui dicta autem qui dicta quod recusandae enim. Beatae sint sequi dicta cumque voluptatem.', 0, '2018-10-18 19:03:21', '2018-10-18 19:03:21'),
(176, 7, 'Prof. Jovanny Johnson', 'Tenetur delectus aut ut voluptates. Iusto ut vero velit accusamus nostrum rem. Amet aut aspernatur pariatur facilis. Ut facilis rerum voluptas perferendis.', 5, '2018-10-18 19:03:21', '2018-10-18 19:03:21'),
(177, 20, 'Roslyn Connelly', 'Aut provident aut sit minus odit dolor quia maxime. Et expedita tenetur aut.', 2, '2018-10-18 19:03:21', '2018-10-18 19:03:21'),
(178, 30, 'Dangelo Grimes Sr.', 'Voluptas quo alias quis rerum voluptas. Suscipit enim eius doloremque corrupti accusantium et assumenda eaque. Consequatur sunt libero minus odio animi qui nesciunt. Quo quia qui doloribus itaque ea quisquam pariatur distinctio.', 0, '2018-10-18 19:03:21', '2018-10-18 19:03:21'),
(179, 17, 'Jazmyn Hackett', 'Hic et impedit odio autem autem quaerat. Et et voluptate vel quas quidem. Asperiores et consequuntur officia iure reiciendis modi. Omnis aspernatur atque qui doloribus.', 3, '2018-10-18 19:03:21', '2018-10-18 19:03:21'),
(180, 18, 'Gabe Kunze', 'Error inventore temporibus placeat officiis facilis ut. Sapiente laboriosam voluptas sit alias vero voluptas. Dolorem aut eum nulla quo. Quo delectus ut et eos voluptatem.', 3, '2018-10-18 19:03:21', '2018-10-18 19:03:21'),
(181, 23, 'Melody Murphy', 'Quae eligendi eaque neque ad tempore. Omnis nam soluta harum. Ipsam magni explicabo illo perferendis ab.', 5, '2018-10-18 19:03:21', '2018-10-18 19:03:21'),
(182, 29, 'Gracie Medhurst', 'Veritatis repudiandae eum est qui quia. Nihil et illum dolorem adipisci.', 2, '2018-10-18 19:03:21', '2018-10-18 19:03:21'),
(183, 39, 'Mrs. Olga Erdman', 'Molestiae voluptate voluptas quis id. Nemo quae sint illum corporis fuga suscipit. Eveniet laboriosam sint nam optio veritatis.', 4, '2018-10-18 19:03:21', '2018-10-18 19:03:21'),
(184, 8, 'Prof. Blaise Considine DVM', 'Beatae sequi voluptate est totam aut dolor. Vitae quam ut distinctio harum optio veniam. A et ea molestiae recusandae exercitationem et nobis eius. Enim fugit in dolor vitae nam molestiae eos repellendus.', 0, '2018-10-18 19:03:21', '2018-10-18 19:03:21'),
(185, 45, 'Aylin Ryan IV', 'Perspiciatis repudiandae voluptatem deserunt. Perspiciatis aut ad et nemo neque atque.', 0, '2018-10-18 19:03:21', '2018-10-18 19:03:21'),
(186, 20, 'Torrance Cassin', 'Cupiditate commodi accusantium adipisci et. Voluptatibus omnis et ipsa. Ab et labore est voluptatem.', 2, '2018-10-18 19:03:21', '2018-10-18 19:03:21'),
(187, 33, 'Daisha Cremin', 'Ipsum aut ratione quis eius a nihil repellat tenetur. Et sunt voluptatibus et asperiores dolores quia.', 3, '2018-10-18 19:03:22', '2018-10-18 19:03:22'),
(188, 17, 'Mrs. Rebekah Auer IV', 'Dolor reiciendis distinctio possimus doloremque eos. Fugiat aliquam excepturi qui ab omnis qui ipsum. Fuga ipsum neque et quia explicabo enim. Qui consequuntur exercitationem rerum laborum ad eos ut porro. Debitis consequatur est debitis.', 2, '2018-10-18 19:03:22', '2018-10-18 19:03:22'),
(189, 9, 'Dr. Fiona Blanda', 'Distinctio et tempore quia quaerat est hic quia itaque. Tempora blanditiis molestias expedita assumenda ut et. Voluptatum qui in aut nemo.', 5, '2018-10-18 19:03:22', '2018-10-18 19:03:22'),
(190, 3, 'Erika Hessel', 'A praesentium non voluptate sit neque ut numquam inventore. Cupiditate perspiciatis laboriosam magnam recusandae quia consequatur. Et nostrum et ipsum illo exercitationem architecto omnis iste. Laboriosam eum ut illo non.', 5, '2018-10-18 19:03:22', '2018-10-18 19:03:22'),
(191, 11, 'Prof. Cary Hirthe Sr.', 'Ut velit blanditiis aut vel explicabo. Et dolor maiores delectus et dolores pariatur eum. Vero tempore eum doloremque natus repellendus sit exercitationem provident. Magni molestiae aliquid omnis ut hic illum sed.', 3, '2018-10-18 19:03:22', '2018-10-18 19:03:22'),
(192, 19, 'Miss Michaela Friesen Sr.', 'Modi deserunt ducimus sed harum blanditiis. Recusandae reprehenderit saepe velit hic est. Asperiores molestias tempore doloribus et est consequuntur voluptatibus et. Quasi molestiae blanditiis suscipit similique numquam molestiae voluptas.', 1, '2018-10-18 19:03:22', '2018-10-18 19:03:22'),
(193, 1, 'Mr. Cicero Kreiger PhD', 'Aut blanditiis molestias recusandae quaerat. Officiis laudantium nam et aut. Sed consequatur dolore qui magnam vel omnis tenetur. Eum et odit omnis aliquid debitis.', 4, '2018-10-18 19:03:22', '2018-10-18 19:03:22'),
(194, 16, 'Melissa Lind', 'Dolorem voluptatem soluta eius sit aut est provident. Sit et dolores soluta. Impedit aut et eaque odit. Praesentium debitis dolorum ullam quia enim ab facilis.', 5, '2018-10-18 19:03:22', '2018-10-18 19:03:22'),
(195, 44, 'Leilani Kovacek', 'Repudiandae quibusdam saepe ex consequatur odit. Autem cum recusandae maiores porro est. At aut et culpa voluptatum quas totam.', 2, '2018-10-18 19:03:22', '2018-10-18 19:03:22'),
(196, 5, 'Kade Raynor', 'Impedit vel aliquid qui quos voluptatem sit. Et eos autem magnam repellat. Quaerat vel dignissimos qui est quisquam voluptatum.', 5, '2018-10-18 19:03:22', '2018-10-18 19:03:22'),
(197, 1, 'Dr. Dewitt Wunsch V', 'Corrupti id sint sed. Necessitatibus aperiam totam eum repudiandae dolores voluptatem. Est consequatur animi occaecati ut. Et nisi nam ratione quae et corrupti.', 0, '2018-10-18 19:03:22', '2018-10-18 19:03:22'),
(198, 20, 'Mr. Marlin Krajcik', 'Aut vitae et repudiandae doloremque. Ipsa itaque vitae qui accusamus temporibus a.', 1, '2018-10-18 19:03:22', '2018-10-18 19:03:22'),
(199, 7, 'Queen Jacobs', 'Doloribus ab suscipit dolore ducimus reiciendis tempora sapiente facilis. Natus voluptatum soluta hic. Omnis molestias incidunt ut.', 5, '2018-10-18 19:03:22', '2018-10-18 19:03:22'),
(200, 42, 'Maribel Crist I', 'Accusantium aspernatur ipsum et mollitia quas rerum ut. Deleniti dolore nostrum omnis necessitatibus sed eligendi rerum. Laboriosam ipsam pariatur cum pariatur voluptate. Saepe perspiciatis dolorem ducimus nobis fugiat reiciendis.', 5, '2018-10-18 19:03:22', '2018-10-18 19:03:22'),
(201, 36, 'Emile Simonis', 'Qui impedit quasi necessitatibus ut molestiae qui asperiores. At et cumque harum dolores ea dolorem voluptatem. At earum alias suscipit sed ex eaque. Itaque deleniti maiores qui aperiam.', 4, '2018-10-18 19:03:22', '2018-10-18 19:03:22'),
(202, 21, 'Hazel Considine', 'Voluptates quidem consequuntur inventore qui ipsam. Tempore eaque vel quia animi. Optio nulla et nisi quis.', 1, '2018-10-18 19:03:22', '2018-10-18 19:03:22'),
(203, 50, 'Antonette Williamson', 'Qui vel amet aspernatur quia voluptatem ea voluptas ut. Quis maiores reiciendis vitae. Aut assumenda quod voluptatem perferendis dolorem eaque.', 3, '2018-10-18 19:03:22', '2018-10-18 19:03:22'),
(204, 21, 'Miss Jermaine Bauch PhD', 'Ducimus quia sed delectus repudiandae. Repudiandae sapiente numquam et quia nam vero est. Consectetur dolores cupiditate molestiae doloremque soluta aliquid accusantium.', 1, '2018-10-18 19:03:22', '2018-10-18 19:03:22'),
(205, 35, 'Mrs. Kira Herman', 'Rerum deleniti veniam nemo et qui totam. Nisi fugit ut laudantium molestiae nobis consectetur sunt ut. Voluptate sint qui quo voluptates.', 4, '2018-10-18 19:03:22', '2018-10-18 19:03:22'),
(206, 50, 'Tristin Boyle DDS', 'Nobis nobis est consequatur dolorum sed. Laboriosam enim minima unde totam officiis. Non omnis dignissimos doloribus cupiditate.', 5, '2018-10-18 19:03:22', '2018-10-18 19:03:22'),
(207, 37, 'Burdette Miller', 'Asperiores nisi odio vel ut enim unde. Qui sint earum nisi quasi. Rerum non facere deleniti odio fuga.', 2, '2018-10-18 19:03:22', '2018-10-18 19:03:22'),
(208, 30, 'Ivy Kozey', 'Delectus eos molestias velit veniam a ut molestiae sunt. A vero libero facilis assumenda quam. Et nam quod ut maxime quod pariatur eos ab.', 5, '2018-10-18 19:03:22', '2018-10-18 19:03:22'),
(209, 31, 'Corene Kertzmann V', 'Culpa harum nesciunt iusto facilis et eius quae. Quia nostrum rerum nobis rerum aperiam. Velit voluptatum velit quidem nulla quia.', 4, '2018-10-18 19:03:22', '2018-10-18 19:03:22'),
(210, 43, 'Mrs. Mariah Jenkins I', 'Est et dignissimos recusandae vero. Quam ipsam inventore occaecati facere. Vel odit ullam nihil ipsum dolorum iusto. Autem quibusdam neque qui aliquam temporibus molestiae.', 3, '2018-10-18 19:03:23', '2018-10-18 19:03:23'),
(211, 6, 'Walker Franecki', 'Ipsa accusantium ex impedit porro qui. Eos ullam quod similique numquam. Debitis optio autem aperiam vel natus similique nostrum hic.', 3, '2018-10-18 19:03:23', '2018-10-18 19:03:23'),
(212, 16, 'Dr. Carlo Moore PhD', 'Nobis rerum et eveniet dolore qui illo. Est ea rerum numquam exercitationem natus quo.', 1, '2018-10-18 19:03:23', '2018-10-18 19:03:23');
INSERT INTO `reviews` (`id`, `product_id`, `customer`, `review`, `star`, `created_at`, `updated_at`) VALUES
(213, 27, 'Dr. Bartholome Bartoletti DDS', 'Quisquam distinctio est voluptatibus dolor. Itaque vitae aut ratione vel aut eaque cupiditate. Accusamus quas architecto tempore deleniti eligendi debitis magnam.', 5, '2018-10-18 19:03:23', '2018-10-18 19:03:23'),
(214, 47, 'Alaina Waters', 'Eos occaecati sunt tenetur. Voluptatem et est qui consequatur vel eum amet ipsa. Quo nobis perspiciatis aperiam amet eos. Earum laboriosam dolore possimus possimus.', 0, '2018-10-18 19:03:23', '2018-10-18 19:03:23'),
(215, 35, 'Thalia Murazik', 'Ea blanditiis illo quam suscipit expedita alias qui. Id qui voluptas minima sint. Aut qui suscipit blanditiis beatae.', 2, '2018-10-18 19:03:23', '2018-10-18 19:03:23'),
(216, 6, 'Florine Bartell', 'Qui voluptatem et et. Et vel sequi delectus vero at. Quo odio vero consequatur in in corrupti.', 5, '2018-10-18 19:03:23', '2018-10-18 19:03:23'),
(217, 12, 'Prof. Alessia Kozey', 'Sapiente repellendus vitae veniam at. Sunt velit sit accusamus velit. Nisi alias et tempora ut quis eaque fugiat. Et mollitia saepe rerum et distinctio temporibus ad.', 4, '2018-10-18 19:03:23', '2018-10-18 19:03:23'),
(218, 49, 'Steve Braun', 'Accusantium corporis dolorem reiciendis est nobis. Enim distinctio possimus cupiditate neque omnis quos id. Nihil sapiente molestias dicta vitae in. Est voluptatem sunt aspernatur vero.', 5, '2018-10-18 19:03:23', '2018-10-18 19:03:23'),
(219, 16, 'Juana DuBuque', 'Et perspiciatis molestiae consequatur nesciunt a. Rem tempore molestiae rerum. Ducimus omnis qui est perspiciatis. Veniam rem ea magni omnis harum. Ab incidunt aut possimus quasi.', 4, '2018-10-18 19:03:23', '2018-10-18 19:03:23'),
(220, 28, 'Dahlia Beatty IV', 'Libero esse quia qui qui quo et numquam. Id optio facere debitis culpa earum consequuntur non. Quis voluptatum laborum facere ratione.', 0, '2018-10-18 19:03:23', '2018-10-18 19:03:23'),
(221, 34, 'Alejandra Mitchell', 'Commodi sint veniam quo modi beatae fugiat deserunt voluptatem. Qui hic eos possimus unde ut quidem. Quo qui et quidem. Voluptate et qui quam.', 0, '2018-10-18 19:03:23', '2018-10-18 19:03:23'),
(222, 10, 'Mr. Colton Rippin II', 'Hic debitis ducimus alias aut. Consequatur repellat occaecati consequatur aliquid. Error error neque dolores. Ut ut magni incidunt sint cumque ex.', 3, '2018-10-18 19:03:23', '2018-10-18 19:03:23'),
(223, 47, 'Mr. Rogers Hoeger V', 'Similique doloremque et dolor cumque eos fuga fugit. Doloribus occaecati quod in ullam maxime vero accusantium dolore. Consectetur quod magni magnam aspernatur veritatis qui id id.', 4, '2018-10-18 19:03:23', '2018-10-18 19:03:23'),
(224, 20, 'Joanie Nikolaus', 'Aut quis fuga quisquam et eum sunt. Saepe amet ut ex inventore dolor illo. Vel quibusdam sed dolor sint aperiam expedita.', 2, '2018-10-18 19:03:23', '2018-10-18 19:03:23'),
(225, 6, 'Prof. Ladarius Kessler DVM', 'In saepe eligendi modi suscipit asperiores dignissimos. Ullam quas eveniet ab perferendis eum. Sit dolorum aut repudiandae eum ad vel eos.', 5, '2018-10-18 19:03:23', '2018-10-18 19:03:23'),
(226, 48, 'Isom Hegmann', 'Sit expedita molestiae officia sunt. Impedit minima ipsa ipsam. Et voluptatem hic dolorem sint corporis.', 5, '2018-10-18 19:03:23', '2018-10-18 19:03:23'),
(227, 33, 'Bethel Cruickshank Sr.', 'Ut velit ut esse repellendus soluta. Debitis cumque necessitatibus velit ut quos voluptas eaque enim. Rerum eligendi ut alias sit quis.', 5, '2018-10-18 19:03:23', '2018-10-18 19:03:23'),
(228, 31, 'Dr. Celestino Raynor', 'Et impedit laborum quas excepturi amet assumenda dolores. Totam qui reiciendis aperiam commodi aliquid veritatis dolorem nostrum. Error dolorem aspernatur est laudantium est mollitia corrupti. Et reiciendis qui et reiciendis dolorem eum ipsam.', 1, '2018-10-18 19:03:23', '2018-10-18 19:03:23'),
(229, 41, 'Carmelo Wisozk', 'Delectus labore aperiam et excepturi. Dolorem tempora consequuntur qui aut. Omnis quibusdam iusto omnis sint iure et illo ut. Cumque repellat eligendi sunt est ratione eius accusantium.', 3, '2018-10-18 19:03:24', '2018-10-18 19:03:24'),
(230, 9, 'Dixie Huel', 'Est porro explicabo voluptatem dolores ex. Eveniet impedit et itaque amet labore iusto ratione voluptatem. Minus et accusamus quas cumque neque quibusdam quaerat facere. Perspiciatis mollitia alias repellendus ea nam et.', 1, '2018-10-18 19:03:24', '2018-10-18 19:03:24'),
(231, 2, 'Wava Parisian DDS', 'Eius autem aut est officiis. A ipsa sequi nemo magni et iure quos aut. Vel dicta et asperiores ipsum velit eos. Commodi doloremque amet aut laudantium ad amet consequatur.', 1, '2018-10-18 19:03:24', '2018-10-18 19:03:24'),
(232, 14, 'Libbie Reichert', 'Et aut ea quaerat possimus ullam quas laudantium. Esse tempora ullam est recusandae assumenda qui. In cupiditate perferendis omnis et.', 3, '2018-10-18 19:03:24', '2018-10-18 19:03:24'),
(233, 44, 'Dr. Ella Murphy', 'Ad totam accusantium quia totam sed aut. At eius nostrum adipisci commodi est sit tenetur. Laudantium quia et amet accusamus eligendi delectus enim.', 3, '2018-10-18 19:03:24', '2018-10-18 19:03:24'),
(234, 41, 'Roosevelt Hammes', 'Reiciendis quod voluptates sed possimus voluptates consectetur voluptas mollitia. Ea nemo aut quam voluptate aut. Est accusamus reprehenderit quae totam facilis dicta accusamus. Qui explicabo quaerat asperiores ea quibusdam ad nihil quod.', 1, '2018-10-18 19:03:24', '2018-10-18 19:03:24'),
(235, 37, 'Deon Goodwin', 'Mollitia quia laudantium et aut molestiae omnis est. Recusandae suscipit cumque reiciendis aliquam veritatis aut. Voluptate sit saepe ut non vitae et facilis. Fuga voluptas sapiente sit voluptatem inventore.', 1, '2018-10-18 19:03:24', '2018-10-18 19:03:24'),
(236, 43, 'Mac Bergstrom DVM', 'Dolor maxime magnam molestiae culpa quia quis. Doloribus sit ea corrupti sunt quia. Deleniti omnis corporis voluptatum dolores asperiores et. Ut minus sed a possimus ratione.', 1, '2018-10-18 19:03:24', '2018-10-18 19:03:24'),
(237, 2, 'Dr. Oliver Lemke DVM', 'Molestiae at iusto aliquid temporibus. Corporis impedit sit quo explicabo. Corporis ut at ea ipsam.', 3, '2018-10-18 19:03:24', '2018-10-18 19:03:24'),
(238, 19, 'Mr. Erwin Harvey DVM', 'Doloribus facere excepturi eligendi voluptates est dignissimos. Est minus placeat ab optio et. Ut aperiam minima assumenda voluptatem ullam. Nisi fugit esse quibusdam recusandae aut quaerat.', 3, '2018-10-18 19:03:24', '2018-10-18 19:03:24'),
(239, 1, 'Vickie Goyette', 'Autem consequatur nam ullam fugit. Dignissimos omnis quis architecto quia deserunt explicabo. Beatae qui repellendus quam omnis eum blanditiis. Ea harum commodi sunt aliquam dolores accusamus perferendis.', 4, '2018-10-18 19:03:24', '2018-10-18 19:03:24'),
(240, 43, 'Giovanni Stark IV', 'Unde iure non voluptatem ipsam. Iusto tempora eum voluptatem fuga dolores eos voluptas. Aliquid qui sapiente aspernatur culpa ut laboriosam ut.', 1, '2018-10-18 19:03:24', '2018-10-18 19:03:24'),
(241, 16, 'Henriette Gerlach', 'Suscipit et nobis nisi aspernatur quaerat molestiae error omnis. Dolor sit asperiores et in.', 1, '2018-10-18 19:03:24', '2018-10-18 19:03:24'),
(242, 27, 'Rick Barton', 'Est quibusdam nemo minus voluptates ea. Est in doloremque et iure perferendis repellat sit optio. Ut commodi modi ut sunt aperiam vitae qui. Necessitatibus quia quia repellendus.', 0, '2018-10-18 19:03:24', '2018-10-18 19:03:24'),
(243, 9, 'Amani Torphy DDS', 'Exercitationem illum ea sunt voluptatem similique explicabo illo. Quam sunt accusantium recusandae accusamus incidunt. Aut enim architecto impedit et dolorem in nam sed.', 0, '2018-10-18 19:03:24', '2018-10-18 19:03:24'),
(244, 42, 'Dr. Bernard Kuhic', 'Ut accusantium officia eligendi veniam suscipit in sit. Rem ipsam aperiam a sit. Occaecati et dolorum voluptatem quasi ad. Earum quos eligendi voluptatem qui omnis dolorem iusto.', 0, '2018-10-18 19:03:24', '2018-10-18 19:03:24'),
(245, 8, 'Jamar Klein', 'Unde tempora provident dolorem ab fuga rerum. Cupiditate quod quis omnis minima voluptates. Voluptatem quasi et ut aspernatur est.', 4, '2018-10-18 19:03:24', '2018-10-18 19:03:24'),
(246, 15, 'Francesco Wuckert', 'Delectus voluptatem quo dolores aut reprehenderit. Reprehenderit dolores inventore laboriosam ut odio.', 3, '2018-10-18 19:03:24', '2018-10-18 19:03:24'),
(247, 9, 'Myra Yundt', 'Officiis adipisci minima iste. Et repellat et ipsum qui. Odio facilis et consectetur sit quia incidunt ea.', 5, '2018-10-18 19:03:25', '2018-10-18 19:03:25'),
(248, 21, 'Abel Bogan', 'Deserunt iusto ut corporis ut ut in. Voluptas ad est blanditiis dolorum ut asperiores. Eum rerum dolores aut rerum. Aperiam deleniti natus veniam placeat.', 4, '2018-10-18 19:03:25', '2018-10-18 19:03:25'),
(249, 49, 'Prof. Lois Thiel', 'Et incidunt exercitationem voluptatem ad occaecati provident quo. Quis quia aut nihil dignissimos. Sapiente rerum consequatur minima fuga assumenda aut laborum. Ullam quod laborum magni non sed in nihil. Qui ducimus ut asperiores sit deserunt assumenda tenetur.', 3, '2018-10-18 19:03:25', '2018-10-18 19:03:25'),
(250, 27, 'Blaise Boyle', 'Ut ducimus qui aut doloribus consequatur magni. Quia rerum dolorum consequatur aut numquam sequi. Maxime temporibus voluptatem nemo sit sint totam.', 0, '2018-10-18 19:03:25', '2018-10-18 19:03:25'),
(251, 34, 'Prof. Jessy Treutel II', 'Qui eius error dolor eum magni consequatur molestiae. Ullam architecto ex repudiandae. Eius temporibus aut velit id.', 3, '2018-10-18 19:03:25', '2018-10-18 19:03:25'),
(252, 7, 'Alfonzo Sporer Jr.', 'Quos praesentium saepe provident occaecati eos qui. Et consequatur dolores corporis ut suscipit laudantium veniam. Vero eveniet suscipit voluptas dicta debitis iusto autem. Quaerat id occaecati earum ad consequatur est fuga.', 2, '2018-10-18 19:03:25', '2018-10-18 19:03:25'),
(253, 34, 'Benjamin Jones', 'Aliquam id illo enim sint qui. Optio ut autem numquam facilis. Laboriosam dignissimos autem fugit ea voluptas. Dolorum adipisci error non voluptates animi itaque quam.', 4, '2018-10-18 19:03:25', '2018-10-18 19:03:25'),
(254, 30, 'Frederique Wolf', 'Labore repudiandae porro quos ea. Expedita doloribus labore voluptas. Dolor et praesentium praesentium vel. Iste dolorem dolor enim autem.', 5, '2018-10-18 19:03:25', '2018-10-18 19:03:25'),
(255, 1, 'Willa Crooks', 'Consequatur cupiditate alias libero sunt nulla. Omnis beatae perspiciatis sint aut numquam. Illum quae aut voluptatem inventore sequi soluta omnis omnis. Totam ipsam iusto et.', 1, '2018-10-18 19:03:25', '2018-10-18 19:03:25'),
(256, 25, 'Dr. Rafael Stiedemann', 'Sunt sed consequatur ut tempore cum aperiam blanditiis. Quis nobis consequuntur aspernatur ipsa eius. Soluta et sunt dignissimos occaecati quae delectus error. Veritatis saepe harum et autem maxime placeat ea.', 1, '2018-10-18 19:03:25', '2018-10-18 19:03:25'),
(257, 32, 'Prof. Travon Schumm', 'Nostrum vel repellendus neque beatae. Beatae ea animi repellendus labore et adipisci nesciunt. Eaque voluptatem qui adipisci quam reprehenderit sint aperiam. In velit sint omnis vel iure provident eum. Vel et commodi nulla ut.', 1, '2018-10-18 19:03:25', '2018-10-18 19:03:25'),
(258, 36, 'Malika Cummerata', 'Voluptas fuga molestiae perspiciatis exercitationem ea occaecati. Possimus a ut ut et. Consequatur magnam ut minus quia quis.', 5, '2018-10-18 19:03:25', '2018-10-18 19:03:25'),
(259, 1, 'Ms. Amira Koelpin DDS', 'Autem iste itaque itaque aspernatur non. Laborum cum voluptatem fuga. Qui et facere blanditiis repellat cum suscipit aut magnam.', 2, '2018-10-18 19:03:25', '2018-10-18 19:03:25'),
(260, 39, 'Jaleel Ritchie', 'Nemo facere expedita ratione et minima sed quos. Accusantium perspiciatis tempora est ullam sint voluptas. Similique non earum error exercitationem. Assumenda quia dicta consectetur eaque aut. Culpa ullam explicabo consectetur vel.', 2, '2018-10-18 19:03:25', '2018-10-18 19:03:25'),
(261, 39, 'Destinee Barrows', 'Odit repellat consequatur quo. Reiciendis dolor quasi quam nihil. Animi deleniti ab unde et.', 2, '2018-10-18 19:03:25', '2018-10-18 19:03:25'),
(262, 39, 'Theodora Schiller', 'Laboriosam commodi provident dicta cumque occaecati velit maxime in. Veritatis aut sed placeat ipsum omnis. Optio qui alias et eligendi amet. Qui aspernatur et qui praesentium. Corporis cupiditate illum in totam rerum.', 2, '2018-10-18 19:03:25', '2018-10-18 19:03:25'),
(263, 7, 'Christopher Nolan', 'Mollitia occaecati rerum omnis temporibus. Quam et aut molestiae consectetur est. Esse est voluptatem minima voluptas inventore.', 0, '2018-10-18 19:03:25', '2018-10-18 19:03:25'),
(264, 35, 'Payton Roob', 'Voluptatem nulla maxime veritatis ratione. Eos voluptate qui suscipit exercitationem. Enim voluptas unde quo modi quas delectus et. Quisquam molestias doloribus praesentium placeat.', 2, '2018-10-18 19:03:25', '2018-10-18 19:03:25'),
(265, 35, 'Maxine Ortiz', 'Quidem voluptatem qui voluptatem aut. Officia vero neque assumenda suscipit beatae. Id suscipit ea at in.', 4, '2018-10-18 19:03:25', '2018-10-18 19:03:25'),
(266, 9, 'Reagan Davis', 'Rerum voluptate qui ut et. Molestias id placeat inventore aliquam nihil neque tempore. Odit molestiae totam qui nemo numquam similique aspernatur.', 2, '2018-10-18 19:03:25', '2018-10-18 19:03:25'),
(267, 22, 'Dusty Kertzmann', 'In fuga est aliquid expedita. Sapiente exercitationem sed non vero maiores. Minus ipsum voluptatem et iste distinctio.', 4, '2018-10-18 19:03:25', '2018-10-18 19:03:25'),
(268, 11, 'Ethan Beier PhD', 'Qui voluptas voluptatibus iure dolore tenetur corporis non facere. Qui molestiae asperiores vel quas et libero sed est. Ut dolores id doloremque nam quaerat quisquam voluptas. Aut nulla maiores eos suscipit occaecati.', 3, '2018-10-18 19:03:25', '2018-10-18 19:03:25'),
(269, 10, 'Gilbert Langworth', 'Expedita et alias sequi. Est atque error dolores ut.', 3, '2018-10-18 19:03:25', '2018-10-18 19:03:25'),
(270, 15, 'Meghan Ratke DVM', 'Dolor officia nisi amet est illo animi possimus veniam. Modi enim assumenda sunt pariatur nesciunt consequatur. Et ut eos est doloribus.', 3, '2018-10-18 19:03:25', '2018-10-18 19:03:25'),
(271, 6, 'Maureen Lebsack', 'Officiis quibusdam quia sapiente quia reprehenderit quia. Voluptate consequatur provident at.', 0, '2018-10-18 19:03:25', '2018-10-18 19:03:25'),
(272, 3, 'Lauryn McDermott', 'Possimus et aut voluptatem. Nam dicta et vero sint eveniet facere. Est ullam temporibus cupiditate harum et eveniet. Sit voluptate sint totam consequatur.', 0, '2018-10-18 19:03:26', '2018-10-18 19:03:26'),
(273, 14, 'Carmen Gulgowski', 'Et necessitatibus non inventore rerum. Sapiente deleniti aut sit nesciunt ut voluptatem facere. Quam adipisci ratione ut animi ex. Est quia praesentium officia nobis voluptatibus voluptatem.', 3, '2018-10-18 19:03:26', '2018-10-18 19:03:26'),
(274, 38, 'Oleta Lueilwitz', 'Itaque assumenda sint laudantium adipisci quod. Rem est iste quia sit quia sunt provident. Quo error similique rem aut iure.', 5, '2018-10-18 19:03:26', '2018-10-18 19:03:26'),
(275, 35, 'Prof. Harmon Lind', 'Ea hic libero neque dolorem eaque. Et et aut sequi earum ut doloremque atque. Qui at enim dolores quia hic excepturi ab laboriosam. Voluptatem possimus adipisci ex id a quos modi.', 1, '2018-10-18 19:03:26', '2018-10-18 19:03:26'),
(276, 46, 'Torrance Wyman', 'Atque nesciunt eius veniam ea esse hic. Error eos a est culpa aut sunt necessitatibus incidunt. Reiciendis dignissimos ut temporibus eligendi soluta.', 2, '2018-10-18 19:03:26', '2018-10-18 19:03:26'),
(277, 22, 'Demetris Kihn PhD', 'Error necessitatibus aperiam modi voluptate. Voluptatem quibusdam quasi quos dignissimos et dolorum. Dolorem aut natus qui quis odit.', 0, '2018-10-18 19:03:26', '2018-10-18 19:03:26'),
(278, 17, 'Nathen Luettgen', 'Culpa voluptatem commodi deserunt velit deserunt nulla. Iste quis voluptatem et corporis accusamus a ipsam. Est ipsa nobis optio.', 5, '2018-10-18 19:03:26', '2018-10-18 19:03:26'),
(279, 7, 'Iva Hermiston', 'Quos pariatur et neque commodi doloremque sed. Ullam minima occaecati non vel suscipit aut sunt. Deleniti amet eos alias iure optio autem alias non.', 5, '2018-10-18 19:03:26', '2018-10-18 19:03:26'),
(280, 22, 'Hayley Abbott', 'Pariatur aut officia est dolor qui officiis aliquam blanditiis. Sit dolores ut ipsam soluta. Aliquam amet quo aliquid odio hic. Veritatis laborum voluptatem quia aspernatur expedita. Vel aspernatur ipsa soluta aliquid.', 1, '2018-10-18 19:03:26', '2018-10-18 19:03:26'),
(281, 15, 'Narciso Abernathy', 'Dignissimos possimus et odit qui quia quod. Corrupti ut eos et accusamus occaecati excepturi dolor est. Explicabo qui quas sunt minima culpa praesentium.', 5, '2018-10-18 19:03:26', '2018-10-18 19:03:26'),
(282, 42, 'Felicita Hudson', 'Hic et sapiente architecto ut suscipit animi voluptas incidunt. Quas officiis blanditiis sint sequi fugit sequi qui. Sunt et reiciendis fuga voluptatem nesciunt qui.', 2, '2018-10-18 19:03:26', '2018-10-18 19:03:26'),
(283, 15, 'Miss Cecile Smith', 'Aspernatur est voluptatibus et nam molestiae esse qui. Voluptatem vel repellendus sit et delectus soluta ut. Voluptatum fugiat ut et modi deleniti et. Et tenetur fugit amet non vitae repellendus laudantium.', 1, '2018-10-18 19:03:26', '2018-10-18 19:03:26'),
(284, 42, 'Celine Hintz', 'Eius maiores sunt corrupti enim qui. Harum eius odit nesciunt facilis. Occaecati mollitia voluptatem eos labore. Dolore id consequatur ut deleniti minima ratione deleniti quibusdam. In suscipit modi ea placeat architecto nulla.', 1, '2018-10-18 19:03:26', '2018-10-18 19:03:26'),
(285, 32, 'Mr. Darrion Gutmann II', 'Hic quos vitae qui earum. Nam accusamus sapiente eveniet. Veritatis neque necessitatibus vitae laboriosam saepe non a. Rem tenetur in debitis.', 4, '2018-10-18 19:03:26', '2018-10-18 19:03:26'),
(286, 15, 'Jazmin Pagac', 'Ullam reprehenderit voluptatem optio et. Magni repellendus atque ut et illum aut consequatur. Voluptatem rerum et dolores atque.', 0, '2018-10-18 19:03:26', '2018-10-18 19:03:26'),
(287, 11, 'Mariah Rath', 'Ut cumque voluptates voluptatem consectetur at. Placeat accusamus qui voluptatem magnam ut voluptate est. Similique similique maiores nihil fugit ut ab.', 4, '2018-10-18 19:03:26', '2018-10-18 19:03:26'),
(288, 5, 'Kenna Mills', 'A quos sapiente dignissimos. Id quis amet occaecati repellendus. Amet harum repudiandae sed fugit qui.', 0, '2018-10-18 19:03:26', '2018-10-18 19:03:26'),
(289, 49, 'Miss Litzy Stokes', 'Corrupti velit et eos voluptatem officia corrupti deserunt. Non id dolor sit nesciunt officiis id ipsam aut. Ut vero omnis eum ut repellat aut.', 1, '2018-10-18 19:03:26', '2018-10-18 19:03:26'),
(290, 3, 'Miss Josefina Wolff II', 'Aut qui cum molestiae est consequatur porro a. Repellendus tempore nihil tenetur architecto. Explicabo voluptatem voluptas quas inventore harum quisquam quae. Porro corporis eligendi amet aut quia ullam.', 5, '2018-10-18 19:03:26', '2018-10-18 19:03:26'),
(291, 48, 'Carolina Ondricka', 'Omnis ut illum vel. Odit sed sed vel libero amet accusamus reiciendis. Iste eveniet sapiente recusandae veniam voluptatem. Explicabo eius exercitationem accusantium distinctio.', 2, '2018-10-18 19:03:26', '2018-10-18 19:03:26'),
(292, 5, 'Dena Walker', 'Aspernatur voluptatem ex tempora ut sequi dignissimos voluptates. Magnam molestiae quia iste numquam atque. Voluptas ipsum quia inventore similique commodi nisi. Sed ea perferendis ut aspernatur voluptas dignissimos.', 1, '2018-10-18 19:03:26', '2018-10-18 19:03:26'),
(293, 32, 'Ciara Metz', 'Corporis totam dolorum voluptatum numquam nisi. Minima ea dolore in et ea nostrum. Iste voluptate et sint ratione rerum sit dolorem maxime. Ut voluptatum earum unde molestiae quod. Excepturi in repellendus aut quaerat eveniet ut quia.', 4, '2018-10-18 19:03:26', '2018-10-18 19:03:26'),
(294, 3, 'Dr. Reilly Hegmann II', 'Qui sint reprehenderit quidem sequi. Omnis commodi est incidunt et quibusdam officiis. Autem consequatur molestiae fugiat aut eius blanditiis.', 1, '2018-10-18 19:03:26', '2018-10-18 19:03:26'),
(295, 7, 'Nova Herzog', 'Beatae voluptates ducimus cupiditate labore rem. Laborum ea veritatis voluptatum reprehenderit fuga repudiandae.', 3, '2018-10-18 19:03:26', '2018-10-18 19:03:26'),
(296, 14, 'Enrique Stroman', 'Repellat eum optio aliquid tenetur praesentium. Est dolorem quos aut amet. Sint voluptas qui expedita dignissimos. Quia occaecati blanditiis est in enim asperiores autem.', 4, '2018-10-18 19:03:26', '2018-10-18 19:03:26'),
(297, 26, 'Sylvia Rogahn Jr.', 'Dicta quo qui enim quae labore quo cumque. Vel dolore qui aut maiores tempore ducimus quis. Autem vitae non maiores corporis doloremque accusamus aut.', 3, '2018-10-18 19:03:26', '2018-10-18 19:03:26'),
(298, 23, 'Prof. Danial Ziemann I', 'Dolorem qui quae rerum nihil ab. Reprehenderit voluptate deleniti ut quis. Odio dolorum dolores ipsum eveniet et.', 3, '2018-10-18 19:03:26', '2018-10-18 19:03:26'),
(299, 10, 'Zechariah Purdy DDS', 'Est voluptas placeat magni qui corrupti. Dolores aliquid sit ab impedit ea ut. Et eaque qui nulla laborum ex deserunt ut.', 5, '2018-10-18 19:03:27', '2018-10-18 19:03:27'),
(300, 40, 'Eula Leannon', 'Quas numquam consequatur iure. Sit nulla eligendi magnam est rem.', 0, '2018-10-18 19:03:27', '2018-10-18 19:03:27');

-- --------------------------------------------------------

--
-- Table structure for table `users`
--

CREATE TABLE `users` (
  `id` int(10) UNSIGNED NOT NULL,
  `name` varchar(191) COLLATE utf8mb4_unicode_ci NOT NULL,
  `email` varchar(191) COLLATE utf8mb4_unicode_ci NOT NULL,
  `email_verified_at` timestamp NULL DEFAULT NULL,
  `password` varchar(191) COLLATE utf8mb4_unicode_ci NOT NULL,
  `remember_token` varchar(100) COLLATE utf8mb4_unicode_ci DEFAULT NULL,
  `created_at` timestamp NULL DEFAULT NULL,
  `updated_at` timestamp NULL DEFAULT NULL
) ENGINE=InnoDB DEFAULT CHARSET=utf8mb4 COLLATE=utf8mb4_unicode_ci;

--
-- Indexes for dumped tables
--

--
-- Indexes for table `migrations`
--
ALTER TABLE `migrations`
  ADD PRIMARY KEY (`id`);

--
-- Indexes for table `password_resets`
--
ALTER TABLE `password_resets`
  ADD KEY `password_resets_email_index` (`email`);

--
-- Indexes for table `products`
--
ALTER TABLE `products`
  ADD PRIMARY KEY (`id`);

--
-- Indexes for table `reviews`
--
ALTER TABLE `reviews`
  ADD PRIMARY KEY (`id`),
  ADD KEY `reviews_product_id_index` (`product_id`);

--
-- Indexes for table `users`
--
ALTER TABLE `users`
  ADD PRIMARY KEY (`id`),
  ADD UNIQUE KEY `users_email_unique` (`email`);

--
-- AUTO_INCREMENT for dumped tables
--

--
-- AUTO_INCREMENT for table `migrations`
--
ALTER TABLE `migrations`
  MODIFY `id` int(10) UNSIGNED NOT NULL AUTO_INCREMENT, AUTO_INCREMENT=5;
--
-- AUTO_INCREMENT for table `products`
--
ALTER TABLE `products`
  MODIFY `id` int(10) UNSIGNED NOT NULL AUTO_INCREMENT, AUTO_INCREMENT=51;
--
-- AUTO_INCREMENT for table `reviews`
--
ALTER TABLE `reviews`
  MODIFY `id` int(10) UNSIGNED NOT NULL AUTO_INCREMENT, AUTO_INCREMENT=301;
--
-- AUTO_INCREMENT for table `users`
--
ALTER TABLE `users`
  MODIFY `id` int(10) UNSIGNED NOT NULL AUTO_INCREMENT;
--
-- Constraints for dumped tables
--

--
-- Constraints for table `reviews`
--
ALTER TABLE `reviews`
  ADD CONSTRAINT `reviews_product_id_foreign` FOREIGN KEY (`product_id`) REFERENCES `products` (`id`) ON DELETE CASCADE;
COMMIT;

/*!40101 SET CHARACTER_SET_CLIENT=@OLD_CHARACTER_SET_CLIENT */;
/*!40101 SET CHARACTER_SET_RESULTS=@OLD_CHARACTER_SET_RESULTS */;
/*!40101 SET COLLATION_CONNECTION=@OLD_COLLATION_CONNECTION */;
